[03:35:59] INFO    [r0] config:
{
  "backbone": {
    "ema": {
      "decay": 0.9999,
      "enabled": false,
      "update_every": 1
    },
    "lora": {
      "adapter_name": "default",
      "alpha": 64.0,
      "dropout": 0.0,
      "enabled": true,
      "init_weights": true,
      "rank": 64,
      "target_modules": null
    },
    "model": {
      "dtype": "bfloat16",
      "family": "krea2-turbo",
      "path": "/mnt/shared/lihaoran/ssd/ckps/Krea-2-Turbo",
      "revision": null,
      "subfolder": "transformer"
    }
  },
  "checkpoint": {
    "directory": "/mnt/shared/lihaoran/ssd/framework/anorak-dflow/ckps/krea2-tryon-DOPSD",
    "export_diffusers": true,
    "interval": 400,
    "keep_latest": 3,
    "preview": true,
    "preview_count": 5,
    "preview_dataset": "/mnt/shared/lihaoran/opsd_data_staging/krea2_tryon_testset5",
    "preview_guidance": null,
    "preview_index": 0,
    "preview_max_area": 258048,
    "preview_steps": null,
    "resume": null,
    "save_enabled": true
  },
  "data": {
    "bucket": {
      "drop_underfull": true,
      "enabled": true,
      "seq_multiple": 1
    },
    "loader": {
      "batch_size": 1,
      "drop_last": true,
      "num_workers": 8,
      "persistent_workers": true,
      "pin_memory": true,
      "prefetch_factor": 2,
      "shuffle": true
    },
    "retry": {
      "max_attempts": 8,
      "same_bucket": true
    }
  },
  "dataset": {
    "augment_identity": false,
    "caption_dropout": 0.0,
    "manifest": "train.jsonl",
    "num_references": 9,
    "pad_short_samples": false,
    "pinned_references": 1,
    "reference_dropout": 0.0,
    "reference_fit_target": true,
    "reference_max_area": 147456,
    "reference_registration": "disjoint",
    "reference_t_scale": 1,
    "root": "/mnt/shared/lihaoran/opsd_data_staging/krea2_tryon_train2000",
    "target_max_area": 589824
  },
  "distill": {
    "edit_suffix": "The final reference image is the exact target look to reproduce; match it.",
    "ema_decay": 0.9999,
    "ema_update_every": 1,
    "init_lora_from": "/mnt/shared/lihaoran/ssd/ckps/krea2-tryon-lora",
    "loss_space": "x0",
    "low_mem": true,
    "num_steps": 4,
    "teacher": "ema",
    "teacher_adapter_name": "teacher",
    "teacher_ground_target": false,
    "teacher_ref_target": true
  },
  "flow_match": {
    "distribution": "logit_normal",
    "epsilon": 1e-05,
    "logit_mean": 0.0,
    "logit_std": 1.0,
    "mode_scale": 1.29,
    "num_train_timesteps": 1000,
    "schedule_steps": null,
    "shift": 3.1582,
    "weighting": "none"
  },
  "frozen": {
    "text": {
      "cache_dir": null,
      "enabled": true,
      "encoders": [
        {
          "dtype": "bfloat16",
          "fast_patch_embed": true,
          "ground_references": true,
          "grounding_jitter_min": 192,
          "grounding_max_px": 384,
          "max_grounded_references": 0,
          "max_length": 1024,
          "name": "qwen3-vl",
          "out_layers": [
            2,
            5,
            8,
            11,
            14,
            17,
            20,
            23,
            26,
            29,
            32,
            35
          ],
          "path": "",
          "placement": "device",
          "processor_path": "Qwen/Qwen3-VL-4B-Instruct",
          "subfolder": "text_encoder",
          "tokenizer_subfolder": "tokenizer"
        }
      ]
    },
    "vae": {
      "decode_dtype": "float32",
      "enabled": true,
      "encode_dtype": "bfloat16",
      "path": "",
      "placement": "device",
      "slicing": false,
      "subfolder": "vae",
      "tile_sample_min": [
        512,
        512
      ],
      "tiling": false
    }
  },
  "logging": {
    "directory": "/mnt/shared/lihaoran/ssd/framework/anorak-dflow/runs/krea2_dopsd_tryon/logs",
    "filename": "train.log",
    "interval": 1,
    "tensorboard": true
  },
  "lr_scheduler": {
    "min_lr_ratio": 0.0,
    "type": "constant",
    "warmup_steps": 50
  },
  "optimizer": {
    "betas": [
      0.9,
      0.999
    ],
    "eps": 1e-08,
    "fused": true,
    "lr": 1e-05,
    "type": "adamw",
    "weight_decay": 0.01
  },
  "run_directory": "/mnt/shared/lihaoran/ssd/framework/anorak-dflow/runs/krea2_dopsd_tryon",
  "runtime": {
    "activation_checkpoint": {
      "enabled": true,
      "module_names": null,
      "preserve_rng_state": true
    },
    "attention_backend": "native",
    "compile": {
      "backend": "inductor",
      "enabled": false,
      "fullgraph": true,
      "module_names": null
    },
    "cp": {
      "ring_degree": 1,
      "ulysses_anything": false,
      "ulysses_degree": 1
    },
    "distributed": {
      "cp": 1,
      "dp_replicate": 1,
      "dp_shard": -1
    },
    "fsdp": {
      "cpu_offload": false,
      "enabled": true,
      "keep_fp32_modules": null,
      "module_names": null,
      "param_dtype": "bfloat16",
      "reduce_dtype": "float32",
      "reshard_after_forward": true
    },
    "matmul_precision": "high"
  },
  "training": {
    "autocast_dtype": "bfloat16",
    "grad_accum_steps": 1,
    "max_grad_norm": 1.0,
    "seed": 42,
    "steps": 2000
  }
}
[03:35:59] INFO    [r0] world=1 dp=1 (replicate=1, shard=1) cp=1 fsdp=1 rank=0 dp_rank=0 device=cuda:0
[03:35:59] INFO    [r0] code 68a6a7f80+dirty on lihaoran/opsd/dopsd-krea2-ref2img | torch 2.14.0+cu130 | diffusers 0.39.0 | gpu NVIDIA RTX PRO 6000 Blackwell Server Edition
[03:35:59] INFO    [r0] 2000 samples, 2000 batches per epoch
[03:36:03] INFO    [r0] phase-1 LoRA: matched 512/512 'default' tensors from /mnt/shared/lihaoran/ssd/ckps/krea2-tryon-lora
[03:36:03] INFO    [r0] teacher adapter initialised from student (512 tensors)
[03:36:03] INFO    [r0] 228,524,032 / 13,277,121,100 parameters trainable (1.7212%)
[03:36:04] INFO    [r0] text encoder loaded: 12 taps x 2560 (Qwen3-VL)
[03:36:04] INFO    [r0] D-OPSD: K=4 rollout | teacher=ema (ground_target=False, ref_target=True) | loss=x0 | ema_decay=0.9999
[03:36:04] WARNING [r0] Krea 2 has no pretrained reference conditioning; the teacher can only supervise usefully if it can already use references. Start from a phase-1 ref2img LoRA (init_lora_from) and/or rely on Qwen3-VL grounding of the target.
[03:36:05] INFO    [r0] preview: 5 held-out test cases from /mnt/shared/lihaoran/opsd_data_staging/krea2_tryon_testset5
[03:38:19] INFO    [r0] preview: cached 5 phase-1 baseline(s) | 8 steps, cfg 0.0
[03:38:19] INFO    [r0] trainer: fit_distill (memory-flat; per-step backward, O(1) in K)
[03:38:20] INFO    [r0] new shape 64x35 latent | 2240 target + 8550 reference tokens | K=4 rollout | mu 1.1500 (shift 3.16)
[03:39:14] INFO    [r0] step 1: loss=0.0499819  lr=4e-07  55.434s/step  grad_norm=1.09375  78.9GiB  rollout/backwards_per_step=4
[03:40:10] INFO    [r0] step 2: loss=0.0778607  lr=6e-07  55.410s/step  grad_norm=1.61201  81.0GiB  rollout/backwards_per_step=4
[03:40:37] INFO    [r0] step 3: loss=0.0142438  lr=8e-07  27.399s/step  grad_norm=0.23296  73.5GiB  rollout/backwards_per_step=4
[03:41:31] INFO    [r0] step 4: loss=0.0404586  lr=1e-06  53.552s/step  grad_norm=0.536333  80.5GiB  rollout/backwards_per_step=4
[03:41:55] INFO    [r0] step 5: loss=0.0808074  lr=1.2e-06  23.843s/step  grad_norm=2.36443  73.0GiB  rollout/backwards_per_step=4
[03:42:18] INFO    [r0] step 6: loss=0.0301459  lr=1.4e-06  23.900s/step  grad_norm=0.407621  73.1GiB  rollout/backwards_per_step=4
[03:43:20] INFO    [r0] step 7: loss=0.0673988  lr=1.6e-06  61.138s/step  grad_norm=8.95146  81.9GiB  rollout/backwards_per_step=4
[03:44:15] INFO    [r0] step 8: loss=0.017986  lr=1.8e-06  55.083s/step  grad_norm=0.388561  80.2GiB  rollout/backwards_per_step=4
[03:44:40] INFO    [r0] step 9: loss=0.0438379  lr=2e-06  25.338s/step  grad_norm=2.99529  73.4GiB  rollout/backwards_per_step=4
[03:45:10] INFO    [r0] step 10: loss=0.100267  lr=2.2e-06  30.199s/step  grad_norm=1.53374  74.3GiB  rollout/backwards_per_step=4
[03:45:31] INFO    [r0] step 11: loss=0.0172326  lr=2.4e-06  20.660s/step  grad_norm=0.463686  72.0GiB  rollout/backwards_per_step=4
[03:46:26] INFO    [r0] step 12: loss=0.0287248  lr=2.6e-06  55.172s/step  grad_norm=0.384847  80.8GiB  rollout/backwards_per_step=4
[03:46:59] INFO    [r0] step 13: loss=0.0546773  lr=2.8e-06  32.800s/step  grad_norm=1.74358  75.4GiB  rollout/backwards_per_step=4
[03:48:02] INFO    [r0] step 14: loss=0.029747  lr=3e-06  63.287s/step  grad_norm=1.41071  82.8GiB  rollout/backwards_per_step=4
[03:48:41] INFO    [r0] step 15: loss=0.025696  lr=3.2e-06  39.320s/step  grad_norm=0.980076  77.3GiB  rollout/backwards_per_step=4
[03:49:08] INFO    [r0] step 16: loss=0.0070475  lr=3.4e-06  27.034s/step  grad_norm=0.417687  73.3GiB  rollout/backwards_per_step=4
[03:49:34] INFO    [r0] step 17: loss=0.0474311  lr=3.6e-06  25.516s/step  grad_norm=0.690474  73.2GiB  rollout/backwards_per_step=4
[03:50:14] INFO    [r0] step 18: loss=0.0557923  lr=3.8e-06  40.291s/step  grad_norm=1.6776  77.0GiB  rollout/backwards_per_step=4
[03:51:18] INFO    [r0] step 19: loss=0.067199  lr=4e-06  63.837s/step  grad_norm=3.5475  82.1GiB  rollout/backwards_per_step=4
[03:52:02] INFO    [r0] step 20: loss=0.0183011  lr=4.2e-06  43.717s/step  grad_norm=2.9325  77.8GiB  rollout/backwards_per_step=4
[03:52:50] INFO    [r0] step 21: loss=0.0658206  lr=4.4e-06  48.466s/step  grad_norm=0.867608  79.3GiB  rollout/backwards_per_step=4
[03:53:30] INFO    [r0] step 22: loss=0.0187574  lr=4.6e-06  40.115s/step  grad_norm=0.231771  77.0GiB  rollout/backwards_per_step=4
[03:54:24] INFO    [r0] step 23: loss=0.0959812  lr=4.8e-06  53.367s/step  grad_norm=1.65733  80.6GiB  rollout/backwards_per_step=4
[03:55:06] INFO    [r0] step 24: loss=0.174459  lr=5e-06  42.527s/step  grad_norm=1.01107  78.1GiB  rollout/backwards_per_step=4
[03:55:42] INFO    [r0] step 25: loss=0.225131  lr=5.2e-06  35.772s/step  grad_norm=9.27917  75.9GiB  rollout/backwards_per_step=4
[03:56:31] INFO    [r0] step 26: loss=0.0162045  lr=5.4e-06  48.560s/step  grad_norm=0.412876  79.0GiB  rollout/backwards_per_step=4
[03:57:30] INFO    [r0] step 27: loss=0.0516736  lr=5.6e-06  59.047s/step  grad_norm=1.43085  81.2GiB  rollout/backwards_per_step=4
[03:57:55] INFO    [r0] step 28: loss=0.0276019  lr=5.8e-06  25.392s/step  grad_norm=0.972222  72.9GiB  rollout/backwards_per_step=4
[03:58:19] INFO    [r0] step 29: loss=0.0819137  lr=6e-06  23.651s/step  grad_norm=0.672903  72.8GiB  rollout/backwards_per_step=4
[03:59:11] INFO    [r0] step 30: loss=0.0592151  lr=6.2e-06  52.291s/step  grad_norm=2.08757  79.9GiB  rollout/backwards_per_step=4
[03:59:34] INFO    [r0] step 31: loss=0.0549446  lr=6.4e-06  23.106s/step  grad_norm=1.59135  72.6GiB  rollout/backwards_per_step=4
[04:00:11] INFO    [r0] step 32: loss=0.0252672  lr=6.6e-06  36.518s/step  grad_norm=0.717813  77.0GiB  rollout/backwards_per_step=4
[04:01:16] INFO    [r0] step 33: loss=0.108555  lr=6.8e-06  64.915s/step  grad_norm=1.82485  82.7GiB  rollout/backwards_per_step=4
[04:02:24] INFO    [r0] step 34: loss=0.0199312  lr=7e-06  68.389s/step  grad_norm=0.342327  83.5GiB  rollout/backwards_per_step=4
[04:03:04] INFO    [r0] step 35: loss=0.0161841  lr=7.2e-06  39.606s/step  grad_norm=0.344076  77.7GiB  rollout/backwards_per_step=4
[04:03:31] INFO    [r0] step 36: loss=0.0212392  lr=7.4e-06  27.446s/step  grad_norm=0.680103  73.5GiB  rollout/backwards_per_step=4
[04:04:00] INFO    [r0] step 37: loss=0.034303  lr=7.6e-06  28.867s/step  grad_norm=0.527537  74.3GiB  rollout/backwards_per_step=4
[04:05:08] INFO    [r0] step 38: loss=0.0701133  lr=7.8e-06  68.422s/step  grad_norm=2.43763  83.6GiB  rollout/backwards_per_step=4
[04:06:11] INFO    [r0] step 39: loss=0.0363452  lr=8e-06  62.636s/step  grad_norm=1.73701  82.4GiB  rollout/backwards_per_step=4
[04:06:49] INFO    [r0] step 40: loss=0.0772533  lr=8.2e-06  38.109s/step  grad_norm=2.29543  76.7GiB  rollout/backwards_per_step=4
[04:07:18] INFO    [r0] step 41: loss=0.0599141  lr=8.4e-06  28.707s/step  grad_norm=1.81292  74.0GiB  rollout/backwards_per_step=4
[04:08:02] INFO    [r0] step 42: loss=0.0147851  lr=8.6e-06  44.255s/step  grad_norm=0.730524  78.4GiB  rollout/backwards_per_step=4
[04:08:54] INFO    [r0] step 43: loss=0.0252475  lr=8.8e-06  51.895s/step  grad_norm=0.571002  80.0GiB  rollout/backwards_per_step=4
[04:10:01] INFO    [r0] step 44: loss=0.0700736  lr=9e-06  66.990s/step  grad_norm=1.69128  83.3GiB  rollout/backwards_per_step=4
[04:10:50] INFO    [r0] step 45: loss=0.0478208  lr=9.2e-06  49.327s/step  grad_norm=1.67131  78.9GiB  rollout/backwards_per_step=4
[04:11:30] INFO    [r0] step 46: loss=0.0636749  lr=9.4e-06  39.720s/step  grad_norm=1.63819  76.8GiB  rollout/backwards_per_step=4
[04:12:17] INFO    [r0] step 47: loss=0.0134838  lr=9.6e-06  46.890s/step  grad_norm=0.151499  79.3GiB  rollout/backwards_per_step=4
[04:12:57] INFO    [r0] step 48: loss=0.0159123  lr=9.8e-06  40.212s/step  grad_norm=0.420802  77.0GiB  rollout/backwards_per_step=4
[04:13:38] INFO    [r0] step 49: loss=0.0280857  lr=1e-05  40.863s/step  grad_norm=0.654992  77.1GiB  rollout/backwards_per_step=4
[04:14:30] INFO    [r0] step 50: loss=0.148402  lr=1e-05  52.420s/step  grad_norm=5.77985  80.0GiB  rollout/backwards_per_step=4
[04:14:59] INFO    [r0] step 51: loss=0.0250456  lr=1e-05  28.698s/step  grad_norm=0.753628  74.1GiB  rollout/backwards_per_step=4
[04:15:19] INFO    [r0] step 52: loss=0.0318123  lr=1e-05  20.360s/step  grad_norm=0.27482  71.9GiB  rollout/backwards_per_step=4
[04:15:50] INFO    [r0] step 53: loss=0.157571  lr=1e-05  30.389s/step  grad_norm=15.4631  74.8GiB  rollout/backwards_per_step=4
[04:16:22] INFO    [r0] step 54: loss=0.022331  lr=1e-05  32.332s/step  grad_norm=0.237915  75.1GiB  rollout/backwards_per_step=4
[04:17:19] INFO    [r0] step 55: loss=0.0204076  lr=1e-05  57.374s/step  grad_norm=0.278954  82.0GiB  rollout/backwards_per_step=4
[04:18:22] INFO    [r0] step 56: loss=0.752381  lr=1e-05  62.663s/step  grad_norm=52.9471  82.5GiB  rollout/backwards_per_step=4
[04:18:52] INFO    [r0] step 57: loss=0.0249616  lr=1e-05  30.176s/step  grad_norm=1.13164  74.6GiB  rollout/backwards_per_step=4
[04:19:17] INFO    [r0] step 58: loss=0.0322468  lr=1e-05  25.084s/step  grad_norm=0.516422  73.1GiB  rollout/backwards_per_step=4
[04:20:13] INFO    [r0] step 59: loss=0.0663702  lr=1e-05  55.640s/step  grad_norm=1.08543  81.4GiB  rollout/backwards_per_step=4
[04:21:08] INFO    [r0] step 60: loss=0.0310858  lr=1e-05  55.153s/step  grad_norm=0.454096  80.7GiB  rollout/backwards_per_step=4
[04:21:57] INFO    [r0] step 61: loss=0.0178848  lr=1e-05  48.387s/step  grad_norm=0.489314  79.6GiB  rollout/backwards_per_step=4
[04:22:23] INFO    [r0] step 62: loss=0.0215661  lr=1e-05  26.837s/step  grad_norm=2.40306  73.2GiB  rollout/backwards_per_step=4
[04:22:51] INFO    [r0] step 63: loss=0.0170298  lr=1e-05  27.605s/step  grad_norm=0.261074  73.8GiB  rollout/backwards_per_step=4
[04:23:15] INFO    [r0] step 64: loss=0.066557  lr=1e-05  24.231s/step  grad_norm=0.972323  73.3GiB  rollout/backwards_per_step=4
[04:23:57] INFO    [r0] step 65: loss=0.0173988  lr=1e-05  41.866s/step  grad_norm=0.262142  77.8GiB  rollout/backwards_per_step=4
[04:24:24] INFO    [r0] step 66: loss=0.0639206  lr=1e-05  27.019s/step  grad_norm=10.3022  73.3GiB  rollout/backwards_per_step=4
[04:24:58] INFO    [r0] step 67: loss=0.0184597  lr=1e-05  33.713s/step  grad_norm=0.840822  75.6GiB  rollout/backwards_per_step=4
[04:26:00] INFO    [r0] step 68: loss=0.0695031  lr=1e-05  62.195s/step  grad_norm=4.12455  81.9GiB  rollout/backwards_per_step=4
[04:26:44] INFO    [r0] step 69: loss=0.0472663  lr=1e-05  44.327s/step  grad_norm=0.273697  78.5GiB  rollout/backwards_per_step=4
[04:27:33] INFO    [r0] step 70: loss=0.0145637  lr=1e-05  48.269s/step  grad_norm=1.85999  78.7GiB  rollout/backwards_per_step=4
[04:28:17] INFO    [r0] step 71: loss=0.020266  lr=1e-05  44.354s/step  grad_norm=0.422944  78.5GiB  rollout/backwards_per_step=4
[04:28:46] INFO    [r0] step 72: loss=0.0275017  lr=1e-05  29.083s/step  grad_norm=0.4969  74.5GiB  rollout/backwards_per_step=4
[04:29:13] INFO    [r0] step 73: loss=0.018613  lr=1e-05  27.391s/step  grad_norm=0.433323  73.5GiB  rollout/backwards_per_step=4
[04:29:42] INFO    [r0] step 74: loss=0.0925404  lr=1e-05  28.028s/step  grad_norm=6.47975  73.5GiB  rollout/backwards_per_step=4
[04:30:07] INFO    [r0] step 75: loss=0.020807  lr=1e-05  25.372s/step  grad_norm=0.56911  73.0GiB  rollout/backwards_per_step=4
[04:30:35] INFO    [r0] step 76: loss=0.031652  lr=1e-05  28.040s/step  grad_norm=0.97139  73.5GiB  rollout/backwards_per_step=4
[04:31:00] INFO    [r0] step 77: loss=0.0717124  lr=1e-05  25.523s/step  grad_norm=0.399771  73.3GiB  rollout/backwards_per_step=4
[04:31:54] INFO    [r0] step 78: loss=0.0471485  lr=1e-05  53.260s/step  grad_norm=0.530666  80.6GiB  rollout/backwards_per_step=4
[04:32:58] INFO    [r0] step 79: loss=0.0186471  lr=1e-05  64.611s/step  grad_norm=0.365677  82.6GiB  rollout/backwards_per_step=4
[04:34:01] INFO    [r0] step 80: loss=0.158183  lr=1e-05  62.762s/step  grad_norm=0.508611  82.6GiB  rollout/backwards_per_step=4
[04:34:58] INFO    [r0] step 81: loss=0.0161866  lr=1e-05  57.406s/step  grad_norm=0.559725  81.8GiB  rollout/backwards_per_step=4
[04:35:27] INFO    [r0] step 82: loss=0.0352623  lr=1e-05  28.822s/step  grad_norm=0.39055  74.2GiB  rollout/backwards_per_step=4
[04:35:54] INFO    [r0] step 83: loss=0.0222637  lr=1e-05  27.064s/step  grad_norm=1.2978  73.5GiB  rollout/backwards_per_step=4
[04:36:21] INFO    [r0] step 84: loss=0.00636923  lr=1e-05  27.010s/step  grad_norm=0.244759  73.3GiB  rollout/backwards_per_step=4
[04:36:57] INFO    [r0] step 85: loss=0.0123273  lr=1e-05  36.016s/step  grad_norm=0.351377  76.2GiB  rollout/backwards_per_step=4
[04:38:03] INFO    [r0] step 86: loss=0.0379798  lr=1e-05  65.343s/step  grad_norm=0.813688  83.0GiB  rollout/backwards_per_step=4
[04:39:08] INFO    [r0] step 87: loss=0.0503733  lr=1e-05  65.005s/step  grad_norm=2.46428  82.6GiB  rollout/backwards_per_step=4
[04:40:06] INFO    [r0] step 88: loss=0.0169213  lr=1e-05  57.771s/step  grad_norm=0.316618  80.8GiB  rollout/backwards_per_step=4
[04:40:31] INFO    [r0] step 89: loss=0.0380105  lr=1e-05  25.440s/step  grad_norm=1.78654  73.0GiB  rollout/backwards_per_step=4
[04:40:59] INFO    [r0] step 90: loss=0.0101428  lr=1e-05  27.535s/step  grad_norm=0.251195  73.7GiB  rollout/backwards_per_step=4
[04:41:37] INFO    [r0] step 91: loss=0.0366308  lr=1e-05  38.000s/step  grad_norm=0.928658  76.9GiB  rollout/backwards_per_step=4
[04:42:10] INFO    [r0] step 92: loss=0.0975756  lr=1e-05  33.632s/step  grad_norm=0.942701  75.5GiB  rollout/backwards_per_step=4
[04:42:56] INFO    [r0] step 93: loss=0.0334268  lr=1e-05  45.829s/step  grad_norm=0.413546  78.6GiB  rollout/backwards_per_step=4
[04:44:01] INFO    [r0] step 94: loss=0.0126017  lr=1e-05  64.720s/step  grad_norm=0.202081  82.6GiB  rollout/backwards_per_step=4
[04:44:56] INFO    [r0] step 95: loss=0.0836806  lr=1e-05  55.407s/step  grad_norm=3.31666  81.1GiB  rollout/backwards_per_step=4
[04:45:36] INFO    [r0] step 96: loss=0.0194536  lr=1e-05  40.098s/step  grad_norm=0.24934  77.0GiB  rollout/backwards_per_step=4
[04:46:03] INFO    [r0] step 97: loss=0.010308  lr=1e-05  26.886s/step  grad_norm=0.337337  73.4GiB  rollout/backwards_per_step=4
[04:46:56] INFO    [r0] step 98: loss=0.0291495  lr=1e-05  53.186s/step  grad_norm=2.79251  80.4GiB  rollout/backwards_per_step=4
[04:47:49] INFO    [r0] step 99: loss=0.0294825  lr=1e-05  53.190s/step  grad_norm=0.365806  80.5GiB  rollout/backwards_per_step=4
[04:48:42] INFO    [r0] step 100: loss=0.0680596  lr=1e-05  52.707s/step  grad_norm=1.36224  80.1GiB  rollout/backwards_per_step=4
[04:49:34] INFO    [r0] step 101: loss=0.0938104  lr=1e-05  51.566s/step  grad_norm=1.34223  80.4GiB  rollout/backwards_per_step=4
[04:49:59] INFO    [r0] step 102: loss=0.0235587  lr=1e-05  25.180s/step  grad_norm=1.6379  73.2GiB  rollout/backwards_per_step=4
[04:50:26] INFO    [r0] step 103: loss=0.0307302  lr=1e-05  27.020s/step  grad_norm=0.565174  73.4GiB  rollout/backwards_per_step=4
[04:50:54] INFO    [r0] step 104: loss=0.103403  lr=1e-05  28.029s/step  grad_norm=2.84062  73.9GiB  rollout/backwards_per_step=4
[04:51:30] INFO    [r0] step 105: loss=0.102702  lr=1e-05  36.314s/step  grad_norm=3.77708  76.5GiB  rollout/backwards_per_step=4
[04:52:16] INFO    [r0] step 106: loss=0.065234  lr=1e-05  45.781s/step  grad_norm=0.534329  78.5GiB  rollout/backwards_per_step=4
[04:52:56] INFO    [r0] step 107: loss=0.0231975  lr=1e-05  40.068s/step  grad_norm=0.428983  76.9GiB  rollout/backwards_per_step=4
[04:54:01] INFO    [r0] step 108: loss=0.0911728  lr=1e-05  65.195s/step  grad_norm=2.29265  83.2GiB  rollout/backwards_per_step=4
[04:54:24] INFO    [r0] step 109: loss=0.0958024  lr=1e-05  22.548s/step  grad_norm=2.02292  72.7GiB  rollout/backwards_per_step=4
[04:55:10] INFO    [r0] step 110: loss=0.0151281  lr=1e-05  46.006s/step  grad_norm=0.225391  78.8GiB  rollout/backwards_per_step=4
[04:55:32] INFO    [r0] step 111: loss=0.0322354  lr=1e-05  22.117s/step  grad_norm=2.73459  72.7GiB  rollout/backwards_per_step=4
[04:56:43] INFO    [r0] step 112: loss=0.0124916  lr=1e-05  70.926s/step  grad_norm=0.307242  83.6GiB  rollout/backwards_per_step=4
[04:57:11] INFO    [r0] step 113: loss=0.036159  lr=1e-05  27.739s/step  grad_norm=0.758928  73.9GiB  rollout/backwards_per_step=4
[04:57:50] INFO    [r0] step 114: loss=0.0393615  lr=1e-05  39.711s/step  grad_norm=0.392032  76.8GiB  rollout/backwards_per_step=4
[04:58:40] INFO    [r0] step 115: loss=0.0272099  lr=1e-05  49.982s/step  grad_norm=0.398619  79.0GiB  rollout/backwards_per_step=4
[04:59:12] INFO    [r0] step 116: loss=0.0309574  lr=1e-05  31.838s/step  grad_norm=0.454199  75.2GiB  rollout/backwards_per_step=4
[05:00:17] INFO    [r0] step 117: loss=0.0237779  lr=1e-05  64.715s/step  grad_norm=3.1677  82.4GiB  rollout/backwards_per_step=4
[05:01:12] INFO    [r0] step 118: loss=0.0231149  lr=1e-05  55.083s/step  grad_norm=0.995814  80.7GiB  rollout/backwards_per_step=4
[05:02:06] INFO    [r0] step 119: loss=0.0529803  lr=1e-05  53.698s/step  grad_norm=0.376745  80.2GiB  rollout/backwards_per_step=4
[05:02:28] INFO    [r0] step 120: loss=0.043091  lr=1e-05  22.189s/step  grad_norm=0.697419  72.4GiB  rollout/backwards_per_step=4
[05:03:06] INFO    [r0] step 121: loss=0.0309978  lr=1e-05  38.112s/step  grad_norm=0.94584  76.9GiB  rollout/backwards_per_step=4
[05:03:28] INFO    [r0] step 122: loss=0.0222732  lr=1e-05  22.058s/step  grad_norm=0.507658  72.1GiB  rollout/backwards_per_step=4
[05:04:06] INFO    [r0] step 123: loss=0.0178462  lr=1e-05  37.924s/step  grad_norm=0.35371  76.7GiB  rollout/backwards_per_step=4
[05:04:30] INFO    [r0] step 124: loss=0.0349837  lr=1e-05  23.908s/step  grad_norm=1.24067  73.1GiB  rollout/backwards_per_step=4
[05:04:53] INFO    [r0] step 125: loss=0.0395711  lr=1e-05  23.611s/step  grad_norm=1.08361  72.7GiB  rollout/backwards_per_step=4
[05:05:16] INFO    [r0] step 126: loss=0.0356306  lr=1e-05  22.020s/step  grad_norm=0.729894  72.0GiB  rollout/backwards_per_step=4
[05:06:18] INFO    [r0] step 127: loss=0.027316  lr=1e-05  62.555s/step  grad_norm=1.91508  82.3GiB  rollout/backwards_per_step=4
[05:07:04] INFO    [r0] step 128: loss=0.0326544  lr=1e-05  45.804s/step  grad_norm=0.525587  78.5GiB  rollout/backwards_per_step=4
[05:07:56] INFO    [r0] step 129: loss=0.022879  lr=1e-05  52.516s/step  grad_norm=1.17967  80.0GiB  rollout/backwards_per_step=4
[05:08:20] INFO    [r0] step 130: loss=0.0376259  lr=1e-05  23.691s/step  grad_norm=0.785845  72.8GiB  rollout/backwards_per_step=4
[05:08:49] INFO    [r0] step 131: loss=0.102295  lr=1e-05  28.714s/step  grad_norm=3.96044  74.1GiB  rollout/backwards_per_step=4
[05:09:53] INFO    [r0] step 132: loss=0.0581813  lr=1e-05  63.977s/step  grad_norm=0.584422  82.1GiB  rollout/backwards_per_step=4
[05:10:31] INFO    [r0] step 133: loss=0.113373  lr=1e-05  37.932s/step  grad_norm=1.48335  76.6GiB  rollout/backwards_per_step=4
[05:11:36] INFO    [r0] step 134: loss=0.0492381  lr=1e-05  65.415s/step  grad_norm=2.21448  83.4GiB  rollout/backwards_per_step=4
[05:12:29] INFO    [r0] step 135: loss=0.0156473  lr=1e-05  53.110s/step  grad_norm=0.644312  80.3GiB  rollout/backwards_per_step=4
[05:13:07] INFO    [r0] step 136: loss=0.0789729  lr=1e-05  37.866s/step  grad_norm=0.997162  76.5GiB  rollout/backwards_per_step=4
[05:13:34] INFO    [r0] step 137: loss=0.0181608  lr=1e-05  26.544s/step  grad_norm=0.952947  73.2GiB  rollout/backwards_per_step=4
[05:13:57] INFO    [r0] step 138: loss=0.0271986  lr=1e-05  23.645s/step  grad_norm=0.494644  72.7GiB  rollout/backwards_per_step=4
[05:15:03] INFO    [r0] step 139: loss=0.0706556  lr=1e-05  65.261s/step  grad_norm=1.44715  83.4GiB  rollout/backwards_per_step=4
[05:15:42] INFO    [r0] step 140: loss=0.0570909  lr=1e-05  39.535s/step  grad_norm=3.73105  77.2GiB  rollout/backwards_per_step=4
[05:16:17] INFO    [r0] step 141: loss=0.042789  lr=1e-05  34.956s/step  grad_norm=0.897597  75.5GiB  rollout/backwards_per_step=4
[05:16:39] INFO    [r0] step 142: loss=0.0345495  lr=1e-05  22.034s/step  grad_norm=0.502298  72.1GiB  rollout/backwards_per_step=4
[05:17:32] INFO    [r0] step 143: loss=0.182104  lr=1e-05  52.521s/step  grad_norm=18.153  80.3GiB  rollout/backwards_per_step=4
[05:18:34] INFO    [r0] step 144: loss=0.0568654  lr=1e-05  61.972s/step  grad_norm=0.390426  81.9GiB  rollout/backwards_per_step=4
[05:19:34] INFO    [r0] step 145: loss=0.106414  lr=1e-05  60.664s/step  grad_norm=1.38491  81.8GiB  rollout/backwards_per_step=4
[05:20:37] INFO    [r0] step 146: loss=0.066876  lr=1e-05  62.684s/step  grad_norm=25.633  82.4GiB  rollout/backwards_per_step=4
[05:21:29] INFO    [r0] step 147: loss=0.0293279  lr=1e-05  52.553s/step  grad_norm=0.536243  80.1GiB  rollout/backwards_per_step=4
[05:22:25] INFO    [r0] step 148: loss=0.0166601  lr=1e-05  55.940s/step  grad_norm=1.13057  81.2GiB  rollout/backwards_per_step=4
[05:23:12] INFO    [r0] step 149: loss=0.0209249  lr=1e-05  46.793s/step  grad_norm=0.291646  79.2GiB  rollout/backwards_per_step=4
[05:23:38] INFO    [r0] step 150: loss=0.092418  lr=1e-05  26.284s/step  grad_norm=2.56671  73.1GiB  rollout/backwards_per_step=4
[05:24:31] INFO    [r0] step 151: loss=0.0375873  lr=1e-05  52.647s/step  grad_norm=1.23748  80.1GiB  rollout/backwards_per_step=4
[05:25:27] INFO    [r0] step 152: loss=0.03636  lr=1e-05  55.358s/step  grad_norm=1.86049  81.0GiB  rollout/backwards_per_step=4
[05:25:50] INFO    [r0] step 153: loss=0.0167401  lr=1e-05  23.682s/step  grad_norm=0.690307  72.7GiB  rollout/backwards_per_step=4
[05:26:13] INFO    [r0] step 154: loss=0.0231244  lr=1e-05  22.492s/step  grad_norm=0.365749  72.4GiB  rollout/backwards_per_step=4
[05:27:25] INFO    [r0] step 155: loss=0.0934305  lr=1e-05  72.216s/step  grad_norm=1.98704  83.7GiB  rollout/backwards_per_step=4
[05:28:12] INFO    [r0] step 156: loss=0.0117098  lr=1e-05  47.342s/step  grad_norm=0.319278  79.3GiB  rollout/backwards_per_step=4
[05:28:58] INFO    [r0] step 157: loss=0.0515168  lr=1e-05  45.849s/step  grad_norm=3.69556  78.7GiB  rollout/backwards_per_step=4
[05:29:21] INFO    [r0] step 158: loss=0.0464492  lr=1e-05  22.585s/step  grad_norm=0.613276  72.5GiB  rollout/backwards_per_step=4
[05:30:10] INFO    [r0] step 159: loss=0.0178706  lr=1e-05  48.968s/step  grad_norm=0.525324  79.6GiB  rollout/backwards_per_step=4
[05:30:38] INFO    [r0] step 160: loss=0.0542769  lr=1e-05  28.747s/step  grad_norm=0.557927  74.3GiB  rollout/backwards_per_step=4
[05:31:15] INFO    [r0] step 161: loss=0.0346239  lr=1e-05  36.252s/step  grad_norm=2.98313  76.5GiB  rollout/backwards_per_step=4
[05:31:43] INFO    [r0] step 162: loss=0.0129629  lr=1e-05  28.629s/step  grad_norm=0.165898  74.1GiB  rollout/backwards_per_step=4
[05:32:38] INFO    [r0] step 163: loss=0.0207868  lr=1e-05  55.060s/step  grad_norm=0.700326  80.5GiB  rollout/backwards_per_step=4
[05:33:33] INFO    [r0] step 164: loss=0.0145921  lr=1e-05  54.416s/step  grad_norm=0.461938  80.4GiB  rollout/backwards_per_step=4
[05:33:55] INFO    [r0] step 165: loss=0.0181757  lr=1e-05  22.039s/step  grad_norm=0.186497  72.1GiB  rollout/backwards_per_step=4
[05:34:22] INFO    [r0] step 166: loss=0.0186373  lr=1e-05  27.412s/step  grad_norm=0.614154  73.7GiB  rollout/backwards_per_step=4
[05:35:06] INFO    [r0] step 167: loss=0.119622  lr=1e-05  44.136s/step  grad_norm=2.05176  78.3GiB  rollout/backwards_per_step=4
[05:35:39] INFO    [r0] step 168: loss=0.011244  lr=1e-05  32.318s/step  grad_norm=0.0955894  74.7GiB  rollout/backwards_per_step=4
[05:36:24] INFO    [r0] step 169: loss=0.0286938  lr=1e-05  45.809s/step  grad_norm=1.91841  78.4GiB  rollout/backwards_per_step=4
[05:37:09] INFO    [r0] step 170: loss=0.0279831  lr=1e-05  44.199s/step  grad_norm=0.409872  78.3GiB  rollout/backwards_per_step=4
[05:38:02] INFO    [r0] step 171: loss=0.0385696  lr=1e-05  53.373s/step  grad_norm=0.506271  80.6GiB  rollout/backwards_per_step=4
[05:38:58] INFO    [r0] step 172: loss=0.0374576  lr=1e-05  55.506s/step  grad_norm=2.74221  81.1GiB  rollout/backwards_per_step=4
[05:39:21] INFO    [r0] step 173: loss=0.0395276  lr=1e-05  23.684s/step  grad_norm=0.293649  72.8GiB  rollout/backwards_per_step=4
[05:40:17] INFO    [r0] step 174: loss=0.0335931  lr=1e-05  55.359s/step  grad_norm=0.443695  80.9GiB  rollout/backwards_per_step=4
[05:40:47] INFO    [r0] step 175: loss=0.0358911  lr=1e-05  30.672s/step  grad_norm=0.343667  75.1GiB  rollout/backwards_per_step=4
[05:41:11] INFO    [r0] step 176: loss=0.0332901  lr=1e-05  23.399s/step  grad_norm=1.99458  72.5GiB  rollout/backwards_per_step=4
[05:41:39] INFO    [r0] step 177: loss=0.0623447  lr=1e-05  28.028s/step  grad_norm=0.760662  74.0GiB  rollout/backwards_per_step=4
[05:42:07] INFO    [r0] step 178: loss=0.0262998  lr=1e-05  28.004s/step  grad_norm=0.5667  73.6GiB  rollout/backwards_per_step=4
[05:42:50] INFO    [r0] step 179: loss=0.062859  lr=1e-05  43.764s/step  grad_norm=4.49139  78.0GiB  rollout/backwards_per_step=4
[05:43:19] INFO    [r0] step 180: loss=0.0779536  lr=1e-05  28.157s/step  grad_norm=3.20129  73.7GiB  rollout/backwards_per_step=4
[05:43:46] INFO    [r0] step 181: loss=0.0172674  lr=1e-05  26.984s/step  grad_norm=0.481045  73.3GiB  rollout/backwards_per_step=4
[05:44:48] INFO    [r0] step 182: loss=0.0629692  lr=1e-05  62.344s/step  grad_norm=12.746  81.9GiB  rollout/backwards_per_step=4
[05:45:09] INFO    [r0] step 183: loss=0.0827592  lr=1e-05  20.746s/step  grad_norm=4.25463  72.2GiB  rollout/backwards_per_step=4
[05:46:04] INFO    [r0] step 184: loss=0.0240581  lr=1e-05  55.296s/step  grad_norm=0.652849  80.8GiB  rollout/backwards_per_step=4
[05:47:06] INFO    [r0] step 185: loss=0.0567148  lr=1e-05  62.468s/step  grad_norm=1.50501  82.3GiB  rollout/backwards_per_step=4
[05:47:40] INFO    [r0] step 186: loss=0.0157292  lr=1e-05  33.892s/step  grad_norm=0.436873  75.7GiB  rollout/backwards_per_step=4
[05:48:09] INFO    [r0] step 187: loss=0.0180595  lr=1e-05  28.683s/step  grad_norm=2.68143  74.1GiB  rollout/backwards_per_step=4
[05:48:49] INFO    [r0] step 188: loss=0.102632  lr=1e-05  40.390s/step  grad_norm=0.979075  77.2GiB  rollout/backwards_per_step=4
[05:49:19] INFO    [r0] step 189: loss=0.00987983  lr=1e-05  29.930s/step  grad_norm=0.649936  74.8GiB  rollout/backwards_per_step=4
[05:49:43] INFO    [r0] step 190: loss=0.0286344  lr=1e-05  23.609s/step  grad_norm=0.221947  72.7GiB  rollout/backwards_per_step=4
[05:50:34] INFO    [r0] step 191: loss=0.0231528  lr=1e-05  50.593s/step  grad_norm=0.391103  79.6GiB  rollout/backwards_per_step=4
[05:51:11] INFO    [r0] step 192: loss=0.0591681  lr=1e-05  37.590s/step  grad_norm=0.638098  76.5GiB  rollout/backwards_per_step=4
[05:51:34] INFO    [r0] step 193: loss=0.00681639  lr=1e-05  23.326s/step  grad_norm=0.344424  72.5GiB  rollout/backwards_per_step=4
[05:52:47] INFO    [r0] step 194: loss=0.0293585  lr=1e-05  72.936s/step  grad_norm=0.576346  84.4GiB  rollout/backwards_per_step=4
[05:53:28] INFO    [r0] step 195: loss=0.0687335  lr=1e-05  40.488s/step  grad_norm=1.12303  77.4GiB  rollout/backwards_per_step=4
[05:54:30] INFO    [r0] step 196: loss=0.00994418  lr=1e-05  62.607s/step  grad_norm=0.172885  82.4GiB  rollout/backwards_per_step=4
[05:55:26] INFO    [r0] step 197: loss=0.0486283  lr=1e-05  55.015s/step  grad_norm=1.26639  80.6GiB  rollout/backwards_per_step=4
[05:55:48] INFO    [r0] step 198: loss=0.057296  lr=1e-05  22.534s/step  grad_norm=4.63714  72.7GiB  rollout/backwards_per_step=4
[05:56:16] INFO    [r0] step 199: loss=0.036913  lr=1e-05  27.767s/step  grad_norm=1.15172  74.2GiB  rollout/backwards_per_step=4
[05:56:59] INFO    [r0] step 200: loss=0.0504145  lr=1e-05  43.385s/step  grad_norm=1.50257  78.4GiB  rollout/backwards_per_step=4
[05:57:54] INFO    [r0] step 201: loss=0.0359285  lr=1e-05  55.235s/step  grad_norm=0.680809  80.9GiB  rollout/backwards_per_step=4
[05:58:30] INFO    [r0] step 202: loss=0.0155286  lr=1e-05  35.867s/step  grad_norm=0.662812  76.3GiB  rollout/backwards_per_step=4
[05:58:57] INFO    [r0] step 203: loss=0.0441269  lr=1e-05  26.454s/step  grad_norm=1.94799  74.0GiB  rollout/backwards_per_step=4
[05:59:24] INFO    [r0] step 204: loss=0.0581906  lr=1e-05  26.899s/step  grad_norm=0.881846  73.6GiB  rollout/backwards_per_step=4
[05:59:49] INFO    [r0] step 205: loss=0.11344  lr=1e-05  25.612s/step  grad_norm=0.944786  73.4GiB  rollout/backwards_per_step=4
[06:00:17] INFO    [r0] step 206: loss=0.0596276  lr=1e-05  28.148s/step  grad_norm=1.4666  73.5GiB  rollout/backwards_per_step=4
[06:00:39] INFO    [r0] step 207: loss=0.0742862  lr=1e-05  21.364s/step  grad_norm=1.33501  72.0GiB  rollout/backwards_per_step=4
[06:01:01] INFO    [r0] step 208: loss=0.0470872  lr=1e-05  22.126s/step  grad_norm=1.27506  72.3GiB  rollout/backwards_per_step=4
[06:01:30] INFO    [r0] step 209: loss=0.0838598  lr=1e-05  28.757s/step  grad_norm=1.76797  74.4GiB  rollout/backwards_per_step=4
[06:02:07] INFO    [r0] step 210: loss=0.179318  lr=1e-05  37.638s/step  grad_norm=12.2096  76.4GiB  rollout/backwards_per_step=4
[06:02:40] INFO    [r0] step 211: loss=0.0255897  lr=1e-05  33.080s/step  grad_norm=0.341168  75.7GiB  rollout/backwards_per_step=4
[06:03:44] INFO    [r0] step 212: loss=0.0266763  lr=1e-05  63.238s/step  grad_norm=1.11245  82.7GiB  rollout/backwards_per_step=4
[06:04:39] INFO    [r0] step 213: loss=0.0669987  lr=1e-05  55.282s/step  grad_norm=2.869  80.7GiB  rollout/backwards_per_step=4
[06:05:06] INFO    [r0] step 214: loss=0.0729423  lr=1e-05  26.880s/step  grad_norm=2.97843  73.6GiB  rollout/backwards_per_step=4
[06:05:31] INFO    [r0] step 215: loss=0.0994833  lr=1e-05  25.369s/step  grad_norm=2.29912  73.3GiB  rollout/backwards_per_step=4
[06:06:10] INFO    [r0] step 216: loss=0.0298302  lr=1e-05  39.269s/step  grad_norm=0.976873  76.8GiB  rollout/backwards_per_step=4
[06:07:22] INFO    [r0] step 217: loss=0.0486437  lr=1e-05  71.101s/step  grad_norm=1.09812  84.3GiB  rollout/backwards_per_step=4
[06:08:00] INFO    [r0] step 218: loss=0.0421168  lr=1e-05  38.095s/step  grad_norm=2.134  77.0GiB  rollout/backwards_per_step=4
[06:08:45] INFO    [r0] step 219: loss=0.0580196  lr=1e-05  45.881s/step  grad_norm=2.02892  78.8GiB  rollout/backwards_per_step=4
[06:09:41] INFO    [r0] step 220: loss=0.0293179  lr=1e-05  55.558s/step  grad_norm=1.07242  81.2GiB  rollout/backwards_per_step=4
[06:10:07] INFO    [r0] step 221: loss=0.0837579  lr=1e-05  25.670s/step  grad_norm=1.6649  73.5GiB  rollout/backwards_per_step=4
[06:11:05] INFO    [r0] step 222: loss=0.0166499  lr=1e-05  58.665s/step  grad_norm=0.335574  81.4GiB  rollout/backwards_per_step=4
[06:11:59] INFO    [r0] step 223: loss=0.0465137  lr=1e-05  53.594s/step  grad_norm=1.36594  80.9GiB  rollout/backwards_per_step=4
[06:12:26] INFO    [r0] step 224: loss=0.0155825  lr=1e-05  26.527s/step  grad_norm=0.378201  73.2GiB  rollout/backwards_per_step=4
[06:13:20] INFO    [r0] step 225: loss=0.0412268  lr=1e-05  54.394s/step  grad_norm=3.58354  80.4GiB  rollout/backwards_per_step=4
[06:13:58] INFO    [r0] step 226: loss=0.015418  lr=1e-05  37.598s/step  grad_norm=0.218193  76.3GiB  rollout/backwards_per_step=4
[06:14:21] INFO    [r0] step 227: loss=0.0409986  lr=1e-05  23.659s/step  grad_norm=1.24942  72.8GiB  rollout/backwards_per_step=4
[06:15:17] INFO    [r0] step 228: loss=0.0479546  lr=1e-05  55.845s/step  grad_norm=2.02378  81.4GiB  rollout/backwards_per_step=4
[06:16:25] INFO    [r0] step 229: loss=0.273012  lr=1e-05  68.019s/step  grad_norm=2.2234  83.2GiB  rollout/backwards_per_step=4
[06:17:23] INFO    [r0] step 230: loss=0.0318996  lr=1e-05  57.762s/step  grad_norm=0.296016  81.1GiB  rollout/backwards_per_step=4
[06:18:29] INFO    [r0] step 231: loss=0.0261014  lr=1e-05  66.527s/step  grad_norm=0.939312  82.8GiB  rollout/backwards_per_step=4
[06:19:07] INFO    [r0] step 232: loss=0.0388828  lr=1e-05  37.850s/step  grad_norm=1.17487  76.6GiB  rollout/backwards_per_step=4
[06:20:15] INFO    [r0] step 233: loss=0.0168491  lr=1e-05  67.564s/step  grad_norm=0.310151  82.9GiB  rollout/backwards_per_step=4
[06:21:04] INFO    [r0] step 234: loss=0.010596  lr=1e-05  48.818s/step  grad_norm=0.156558  79.2GiB  rollout/backwards_per_step=4
[06:21:30] INFO    [r0] step 235: loss=0.075066  lr=1e-05  26.782s/step  grad_norm=0.3191  73.5GiB  rollout/backwards_per_step=4
[06:21:57] INFO    [r0] step 236: loss=0.031195  lr=1e-05  26.503s/step  grad_norm=0.373352  73.3GiB  rollout/backwards_per_step=4
[06:22:22] INFO    [r0] step 237: loss=0.0694649  lr=1e-05  24.846s/step  grad_norm=1.4644  73.1GiB  rollout/backwards_per_step=4
[06:23:32] INFO    [r0] step 238: loss=0.0235086  lr=1e-05  70.628s/step  grad_norm=1.16681  83.6GiB  rollout/backwards_per_step=4
[06:24:38] INFO    [r0] step 239: loss=0.0301887  lr=1e-05  65.429s/step  grad_norm=0.523679  83.3GiB  rollout/backwards_per_step=4
[06:25:31] INFO    [r0] step 240: loss=0.0302683  lr=1e-05  53.205s/step  grad_norm=0.684775  80.4GiB  rollout/backwards_per_step=4
[06:26:00] INFO    [r0] step 241: loss=0.115588  lr=1e-05  29.063s/step  grad_norm=3.27245  74.5GiB  rollout/backwards_per_step=4
[06:26:48] INFO    [r0] step 242: loss=0.0093792  lr=1e-05  48.402s/step  grad_norm=0.406819  78.9GiB  rollout/backwards_per_step=4
[06:27:33] INFO    [r0] step 243: loss=0.033489  lr=1e-05  44.152s/step  grad_norm=1.51919  78.2GiB  rollout/backwards_per_step=4
[06:27:57] INFO    [r0] step 244: loss=0.0970211  lr=1e-05  24.812s/step  grad_norm=1.49579  72.9GiB  rollout/backwards_per_step=4
[06:28:52] INFO    [r0] step 245: loss=0.02352  lr=1e-05  54.454s/step  grad_norm=0.296266  80.3GiB  rollout/backwards_per_step=4
[06:29:30] INFO    [r0] step 246: loss=0.0475592  lr=1e-05  38.085s/step  grad_norm=0.491465  77.0GiB  rollout/backwards_per_step=4
[06:30:23] INFO    [r0] step 247: loss=0.161125  lr=1e-05  53.261s/step  grad_norm=6.86819  80.5GiB  rollout/backwards_per_step=4
[06:30:47] INFO    [r0] step 248: loss=0.0322586  lr=1e-05  23.932s/step  grad_norm=1.9788  73.1GiB  rollout/backwards_per_step=4
[06:31:14] INFO    [r0] step 249: loss=0.0918291  lr=1e-05  26.835s/step  grad_norm=1.36855  73.5GiB  rollout/backwards_per_step=4
[06:31:37] INFO    [r0] step 250: loss=0.0174093  lr=1e-05  22.569s/step  grad_norm=0.164438  72.4GiB  rollout/backwards_per_step=4
[06:32:18] INFO    [r0] step 251: loss=0.0791367  lr=1e-05  41.008s/step  grad_norm=1.34709  77.2GiB  rollout/backwards_per_step=4
[06:33:15] INFO    [r0] step 252: loss=0.0350922  lr=1e-05  57.100s/step  grad_norm=3.44955  80.8GiB  rollout/backwards_per_step=4
[06:34:10] INFO    [r0] step 253: loss=0.0409387  lr=1e-05  55.434s/step  grad_norm=1.46504  81.2GiB  rollout/backwards_per_step=4
[06:34:36] INFO    [r0] step 254: loss=0.0718431  lr=1e-05  25.601s/step  grad_norm=0.868671  73.1GiB  rollout/backwards_per_step=4
[06:35:14] INFO    [r0] step 255: loss=0.0267771  lr=1e-05  38.029s/step  grad_norm=1.23849  77.0GiB  rollout/backwards_per_step=4
[06:36:09] INFO    [r0] step 256: loss=0.0394257  lr=1e-05  55.088s/step  grad_norm=15.5641  80.8GiB  rollout/backwards_per_step=4
[06:36:32] INFO    [r0] step 257: loss=0.0910942  lr=1e-05  23.691s/step  grad_norm=1.48455  72.6GiB  rollout/backwards_per_step=4
[06:37:23] INFO    [r0] step 258: loss=0.0130566  lr=1e-05  50.118s/step  grad_norm=0.436482  79.3GiB  rollout/backwards_per_step=4
[06:38:31] INFO    [r0] step 259: loss=0.0233845  lr=1e-05  68.170s/step  grad_norm=0.436527  83.2GiB  rollout/backwards_per_step=4
[06:38:54] INFO    [r0] step 260: loss=0.0382983  lr=1e-05  23.296s/step  grad_norm=0.736503  72.6GiB  rollout/backwards_per_step=4
[06:40:00] INFO    [r0] step 261: loss=0.0221294  lr=1e-05  66.058s/step  grad_norm=0.295335  83.4GiB  rollout/backwards_per_step=4
[06:40:53] INFO    [r0] step 262: loss=0.0122585  lr=1e-05  53.308s/step  grad_norm=0.264616  80.7GiB  rollout/backwards_per_step=4
[06:41:20] INFO    [r0] step 263: loss=0.0273408  lr=1e-05  26.847s/step  grad_norm=0.45281  73.6GiB  rollout/backwards_per_step=4
[06:41:46] INFO    [r0] step 264: loss=0.0840294  lr=1e-05  25.430s/step  grad_norm=1.01704  73.0GiB  rollout/backwards_per_step=4
[06:42:09] INFO    [r0] step 265: loss=0.0425136  lr=1e-05  23.654s/step  grad_norm=0.646335  72.8GiB  rollout/backwards_per_step=4
[06:42:40] INFO    [r0] step 266: loss=0.0154197  lr=1e-05  30.146s/step  grad_norm=0.506536  74.5GiB  rollout/backwards_per_step=4
[06:43:08] INFO    [r0] step 267: loss=0.0713606  lr=1e-05  28.781s/step  grad_norm=1.11415  74.4GiB  rollout/backwards_per_step=4
[06:44:02] INFO    [r0] step 268: loss=0.0168269  lr=1e-05  53.597s/step  grad_norm=0.176474  80.8GiB  rollout/backwards_per_step=4
[06:44:31] INFO    [r0] step 269: loss=0.106251  lr=1e-05  29.118s/step  grad_norm=4.36103  74.7GiB  rollout/backwards_per_step=4
[06:44:59] INFO    [r0] step 270: loss=0.0376382  lr=1e-05  28.199s/step  grad_norm=0.988235  73.7GiB  rollout/backwards_per_step=4
[06:45:30] INFO    [r0] step 271: loss=0.0294613  lr=1e-05  30.328s/step  grad_norm=0.71658  74.6GiB  rollout/backwards_per_step=4
[06:45:56] INFO    [r0] step 272: loss=0.57213  lr=1e-05  26.268s/step  grad_norm=10.3813  73.0GiB  rollout/backwards_per_step=4
[06:46:21] INFO    [r0] step 273: loss=0.0162094  lr=1e-05  25.621s/step  grad_norm=0.710802  73.2GiB  rollout/backwards_per_step=4
[06:46:52] INFO    [r0] step 274: loss=0.0164711  lr=1e-05  30.125s/step  grad_norm=0.287665  74.4GiB  rollout/backwards_per_step=4
[06:47:13] INFO    [r0] step 275: loss=0.101896  lr=1e-05  21.386s/step  grad_norm=4.09792  72.2GiB  rollout/backwards_per_step=4
[06:48:07] INFO    [r0] step 276: loss=0.14528  lr=1e-05  54.397s/step  grad_norm=3.38256  80.3GiB  rollout/backwards_per_step=4
[06:48:51] INFO    [r0] step 277: loss=0.115229  lr=1e-05  44.151s/step  grad_norm=2.83871  78.3GiB  rollout/backwards_per_step=4
[06:49:29] INFO    [r0] step 278: loss=0.0200125  lr=1e-05  38.012s/step  grad_norm=0.409304  77.0GiB  rollout/backwards_per_step=4
[06:49:58] INFO    [r0] step 279: loss=0.0662055  lr=1e-05  28.392s/step  grad_norm=2.39354  74.0GiB  rollout/backwards_per_step=4
[06:50:22] INFO    [r0] step 280: loss=0.0820372  lr=1e-05  23.954s/step  grad_norm=0.828118  73.2GiB  rollout/backwards_per_step=4
[06:50:45] INFO    [r0] step 281: loss=0.0212444  lr=1e-05  23.657s/step  grad_norm=0.601609  72.8GiB  rollout/backwards_per_step=4
[06:51:13] INFO    [r0] step 282: loss=0.012689  lr=1e-05  27.339s/step  grad_norm=0.556838  73.5GiB  rollout/backwards_per_step=4
[06:52:21] INFO    [r0] step 283: loss=0.00849239  lr=1e-05  68.139s/step  grad_norm=0.0715786  83.2GiB  rollout/backwards_per_step=4
[06:53:05] INFO    [r0] step 284: loss=0.0299696  lr=1e-05  44.173s/step  grad_norm=2.09746  78.2GiB  rollout/backwards_per_step=4
[06:54:00] INFO    [r0] step 285: loss=0.0228058  lr=1e-05  54.907s/step  grad_norm=0.618523  80.5GiB  rollout/backwards_per_step=4
[06:54:52] INFO    [r0] step 286: loss=0.0629096  lr=1e-05  52.376s/step  grad_norm=0.911514  80.0GiB  rollout/backwards_per_step=4
[06:55:37] INFO    [r0] step 287: loss=0.00853311  lr=1e-05  44.313s/step  grad_norm=0.106584  78.5GiB  rollout/backwards_per_step=4
[06:56:04] INFO    [r0] step 288: loss=0.0218858  lr=1e-05  27.039s/step  grad_norm=0.313805  73.6GiB  rollout/backwards_per_step=4
[06:56:42] INFO    [r0] step 289: loss=0.0524012  lr=1e-05  38.073s/step  grad_norm=1.19842  76.9GiB  rollout/backwards_per_step=4
[06:57:47] INFO    [r0] step 290: loss=0.0258311  lr=1e-05  64.874s/step  grad_norm=1.11233  82.5GiB  rollout/backwards_per_step=4
[06:58:14] INFO    [r0] step 291: loss=0.0545636  lr=1e-05  27.075s/step  grad_norm=1.86027  73.4GiB  rollout/backwards_per_step=4
[06:59:10] INFO    [r0] step 292: loss=0.0144415  lr=1e-05  55.889s/step  grad_norm=0.427385  80.8GiB  rollout/backwards_per_step=4
[06:59:39] INFO    [r0] step 293: loss=0.0444824  lr=1e-05  29.004s/step  grad_norm=0.655307  74.7GiB  rollout/backwards_per_step=4
[07:00:01] INFO    [r0] step 294: loss=0.0526446  lr=1e-05  22.493s/step  grad_norm=0.29256  72.6GiB  rollout/backwards_per_step=4
[07:00:47] INFO    [r0] step 295: loss=0.0396732  lr=1e-05  45.875s/step  grad_norm=1.49621  78.7GiB  rollout/backwards_per_step=4
[07:01:15] INFO    [r0] step 296: loss=0.103426  lr=1e-05  28.217s/step  grad_norm=1.33971  73.8GiB  rollout/backwards_per_step=4
[07:02:01] INFO    [r0] step 297: loss=0.035566  lr=1e-05  45.841s/step  grad_norm=0.719644  78.8GiB  rollout/backwards_per_step=4
[07:02:22] INFO    [r0] step 298: loss=0.0324252  lr=1e-05  21.291s/step  grad_norm=0.454884  72.0GiB  rollout/backwards_per_step=4
[07:03:11] INFO    [r0] step 299: loss=0.0267606  lr=1e-05  48.847s/step  grad_norm=0.35911  79.4GiB  rollout/backwards_per_step=4
[07:03:39] INFO    [r0] step 300: loss=0.0355938  lr=1e-05  28.130s/step  grad_norm=0.834808  73.6GiB  rollout/backwards_per_step=4
[07:04:06] INFO    [r0] step 301: loss=0.0280356  lr=1e-05  26.798s/step  grad_norm=0.506581  73.5GiB  rollout/backwards_per_step=4
[07:04:29] INFO    [r0] step 302: loss=0.0487959  lr=1e-05  22.452s/step  grad_norm=3.2354  72.4GiB  rollout/backwards_per_step=4
[07:05:13] INFO    [r0] step 303: loss=0.0262647  lr=1e-05  44.097s/step  grad_norm=0.58333  78.3GiB  rollout/backwards_per_step=4
[07:05:38] INFO    [r0] step 304: loss=0.103276  lr=1e-05  25.387s/step  grad_norm=1.23374  73.0GiB  rollout/backwards_per_step=4
[07:05:54] INFO    [r0] step 305: loss=0.0410041  lr=1e-05  16.129s/step  grad_norm=0.90697  70.6GiB  rollout/backwards_per_step=4
[07:06:40] INFO    [r0] step 306: loss=0.0388232  lr=1e-05  45.678s/step  grad_norm=1.27114  78.5GiB  rollout/backwards_per_step=4
[07:07:32] INFO    [r0] step 307: loss=0.0452031  lr=1e-05  52.384s/step  grad_norm=1.19191  79.8GiB  rollout/backwards_per_step=4
[07:08:00] INFO    [r0] step 308: loss=0.1606  lr=1e-05  27.459s/step  grad_norm=0.900864  73.7GiB  rollout/backwards_per_step=4
[07:08:52] INFO    [r0] step 309: loss=0.0225234  lr=1e-05  52.479s/step  grad_norm=1.42453  80.2GiB  rollout/backwards_per_step=4
[07:09:56] INFO    [r0] step 310: loss=0.0130408  lr=1e-05  63.268s/step  grad_norm=0.291846  82.8GiB  rollout/backwards_per_step=4
[07:10:19] INFO    [r0] step 311: loss=0.0333446  lr=1e-05  23.368s/step  grad_norm=0.361767  72.6GiB  rollout/backwards_per_step=4
[07:11:12] INFO    [r0] step 312: loss=0.050972  lr=1e-05  53.193s/step  grad_norm=4.82012  80.4GiB  rollout/backwards_per_step=4
[07:12:16] INFO    [r0] step 313: loss=0.226568  lr=1e-05  64.298s/step  grad_norm=24.033  82.7GiB  rollout/backwards_per_step=4
[07:12:38] INFO    [r0] step 314: loss=0.0369268  lr=1e-05  21.950s/step  grad_norm=1.09479  72.1GiB  rollout/backwards_per_step=4
[07:13:36] INFO    [r0] step 315: loss=0.0152505  lr=1e-05  57.942s/step  grad_norm=0.384344  81.3GiB  rollout/backwards_per_step=4
[07:14:34] INFO    [r0] step 316: loss=0.0413277  lr=1e-05  57.423s/step  grad_norm=0.583703  81.1GiB  rollout/backwards_per_step=4
[07:14:59] INFO    [r0] step 317: loss=0.0820224  lr=1e-05  25.564s/step  grad_norm=2.27562  73.4GiB  rollout/backwards_per_step=4
[07:15:25] INFO    [r0] step 318: loss=0.0175416  lr=1e-05  25.356s/step  grad_norm=0.729204  73.0GiB  rollout/backwards_per_step=4
[07:15:47] INFO    [r0] step 319: loss=0.0293878  lr=1e-05  22.447s/step  grad_norm=1.50766  72.5GiB  rollout/backwards_per_step=4
[07:16:40] INFO    [r0] step 320: loss=0.0585571  lr=1e-05  53.163s/step  grad_norm=6.29285  80.5GiB  rollout/backwards_per_step=4
[07:17:47] INFO    [r0] step 321: loss=0.0363139  lr=1e-05  67.154s/step  grad_norm=0.833089  82.8GiB  rollout/backwards_per_step=4
[07:18:11] INFO    [r0] step 322: loss=0.0116822  lr=1e-05  23.659s/step  grad_norm=0.279309  72.7GiB  rollout/backwards_per_step=4
[07:18:41] INFO    [r0] step 323: loss=0.0269168  lr=1e-05  30.117s/step  grad_norm=0.703783  74.4GiB  rollout/backwards_per_step=4
[07:19:17] INFO    [r0] step 324: loss=0.0112468  lr=1e-05  35.606s/step  grad_norm=0.221393  75.9GiB  rollout/backwards_per_step=4
[07:19:40] INFO    [r0] step 325: loss=0.0206966  lr=1e-05  22.993s/step  grad_norm=0.374296  72.8GiB  rollout/backwards_per_step=4
[07:20:24] INFO    [r0] step 326: loss=0.058412  lr=1e-05  43.883s/step  grad_norm=0.791513  77.9GiB  rollout/backwards_per_step=4
[07:20:51] INFO    [r0] step 327: loss=0.0280028  lr=1e-05  26.852s/step  grad_norm=0.413266  73.2GiB  rollout/backwards_per_step=4
[07:21:39] INFO    [r0] step 328: loss=0.0326832  lr=1e-05  48.604s/step  grad_norm=0.550977  79.1GiB  rollout/backwards_per_step=4
[07:22:06] INFO    [r0] step 329: loss=0.040912  lr=1e-05  26.826s/step  grad_norm=0.515087  73.5GiB  rollout/backwards_per_step=4
[07:22:31] INFO    [r0] step 330: loss=0.047899  lr=1e-05  25.457s/step  grad_norm=1.59176  73.1GiB  rollout/backwards_per_step=4
[07:23:35] INFO    [r0] step 331: loss=0.00671041  lr=1e-05  63.663s/step  grad_norm=0.448971  83.0GiB  rollout/backwards_per_step=4
[07:24:01] INFO    [r0] step 332: loss=0.0708581  lr=1e-05  25.643s/step  grad_norm=4.02646  73.5GiB  rollout/backwards_per_step=4
[07:24:27] INFO    [r0] step 333: loss=0.0788218  lr=1e-05  26.205s/step  grad_norm=2.6597  73.7GiB  rollout/backwards_per_step=4
[07:24:51] INFO    [r0] step 334: loss=0.146061  lr=1e-05  24.068s/step  grad_norm=3.08677  73.3GiB  rollout/backwards_per_step=4
[07:25:56] INFO    [r0] step 335: loss=0.0872183  lr=1e-05  65.466s/step  grad_norm=1.14167  83.0GiB  rollout/backwards_per_step=4
[07:27:02] INFO    [r0] step 336: loss=0.0314567  lr=1e-05  65.143s/step  grad_norm=0.650673  83.1GiB  rollout/backwards_per_step=4
[07:27:27] INFO    [r0] step 337: loss=0.0490514  lr=1e-05  25.592s/step  grad_norm=1.20978  73.1GiB  rollout/backwards_per_step=4
[07:28:30] INFO    [r0] step 338: loss=0.0207694  lr=1e-05  62.451s/step  grad_norm=0.974128  82.0GiB  rollout/backwards_per_step=4
[07:28:55] INFO    [r0] step 339: loss=0.216755  lr=1e-05  24.950s/step  grad_norm=2.14702  72.9GiB  rollout/backwards_per_step=4
[07:29:20] INFO    [r0] step 340: loss=0.0496576  lr=1e-05  25.692s/step  grad_norm=0.633666  73.0GiB  rollout/backwards_per_step=4
[07:29:58] INFO    [r0] step 341: loss=0.0147249  lr=1e-05  38.146s/step  grad_norm=0.294484  77.1GiB  rollout/backwards_per_step=4
[07:30:21] INFO    [r0] step 342: loss=0.0322521  lr=1e-05  22.099s/step  grad_norm=0.49352  72.2GiB  rollout/backwards_per_step=4
[07:31:19] INFO    [r0] step 343: loss=0.0292542  lr=1e-05  58.540s/step  grad_norm=0.462358  81.5GiB  rollout/backwards_per_step=4
[07:32:05] INFO    [r0] step 344: loss=0.0328568  lr=1e-05  45.559s/step  grad_norm=0.299927  78.2GiB  rollout/backwards_per_step=4
[07:33:00] INFO    [r0] step 345: loss=0.0201242  lr=1e-05  55.388s/step  grad_norm=0.659201  81.0GiB  rollout/backwards_per_step=4
[07:34:01] INFO    [r0] step 346: loss=0.0242085  lr=1e-05  60.495s/step  grad_norm=0.553363  81.5GiB  rollout/backwards_per_step=4
[07:34:27] INFO    [r0] step 347: loss=0.0412393  lr=1e-05  26.928s/step  grad_norm=0.803602  73.7GiB  rollout/backwards_per_step=4
[07:34:53] INFO    [r0] step 348: loss=0.040857  lr=1e-05  25.440s/step  grad_norm=0.816158  73.0GiB  rollout/backwards_per_step=4
[07:35:15] INFO    [r0] step 349: loss=0.143461  lr=1e-05  22.467s/step  grad_norm=0.506836  72.5GiB  rollout/backwards_per_step=4
[07:35:41] INFO    [r0] step 350: loss=0.0601737  lr=1e-05  26.109s/step  grad_norm=0.508832  73.4GiB  rollout/backwards_per_step=4
[07:36:06] INFO    [r0] step 351: loss=0.0435755  lr=1e-05  24.951s/step  grad_norm=1.27855  72.9GiB  rollout/backwards_per_step=4
[07:36:33] INFO    [r0] step 352: loss=0.0422719  lr=1e-05  26.944s/step  grad_norm=0.420713  73.5GiB  rollout/backwards_per_step=4
[07:37:31] INFO    [r0] step 353: loss=0.0205423  lr=1e-05  58.108s/step  grad_norm=0.547635  81.2GiB  rollout/backwards_per_step=4
[07:37:54] INFO    [r0] step 354: loss=0.0809319  lr=1e-05  22.422s/step  grad_norm=1.18767  72.5GiB  rollout/backwards_per_step=4
[07:38:32] INFO    [r0] step 355: loss=0.0279774  lr=1e-05  37.717s/step  grad_norm=0.682016  76.3GiB  rollout/backwards_per_step=4
[07:39:06] INFO    [r0] step 356: loss=0.0141255  lr=1e-05  34.369s/step  grad_norm=0.259662  75.9GiB  rollout/backwards_per_step=4
[07:39:58] INFO    [r0] step 357: loss=0.0174548  lr=1e-05  52.530s/step  grad_norm=1.23628  80.1GiB  rollout/backwards_per_step=4
[07:40:27] INFO    [r0] step 358: loss=0.0637612  lr=1e-05  28.871s/step  grad_norm=1.80925  74.3GiB  rollout/backwards_per_step=4
[07:40:49] INFO    [r0] step 359: loss=0.0833483  lr=1e-05  22.090s/step  grad_norm=0.978548  72.1GiB  rollout/backwards_per_step=4
[07:41:10] INFO    [r0] step 360: loss=0.016753  lr=1e-05  20.787s/step  grad_norm=0.299377  71.9GiB  rollout/backwards_per_step=4
[07:42:04] INFO    [r0] step 361: loss=0.117753  lr=1e-05  53.933s/step  grad_norm=0.403589  81.0GiB  rollout/backwards_per_step=4
[07:42:39] INFO    [r0] step 362: loss=0.0247478  lr=1e-05  35.005s/step  grad_norm=0.909256  75.9GiB  rollout/backwards_per_step=4
[07:43:34] INFO    [r0] step 363: loss=0.0542181  lr=1e-05  55.190s/step  grad_norm=2.5559  80.8GiB  rollout/backwards_per_step=4
[07:44:10] INFO    [r0] step 364: loss=0.0167502  lr=1e-05  36.015s/step  grad_norm=1.04967  76.1GiB  rollout/backwards_per_step=4
[07:45:14] INFO    [r0] step 365: loss=0.0507813  lr=1e-05  63.263s/step  grad_norm=0.711036  82.8GiB  rollout/backwards_per_step=4
[07:46:21] INFO    [r0] step 366: loss=0.0968304  lr=1e-05  67.835s/step  grad_norm=2.95644  83.1GiB  rollout/backwards_per_step=4
[07:47:01] INFO    [r0] step 367: loss=0.0550319  lr=1e-05  39.227s/step  grad_norm=0.771135  77.3GiB  rollout/backwards_per_step=4
[07:47:46] INFO    [r0] step 368: loss=0.17418  lr=1e-05  44.948s/step  grad_norm=18.1351  78.8GiB  rollout/backwards_per_step=4
[07:48:05] INFO    [r0] step 369: loss=0.0275566  lr=1e-05  19.386s/step  grad_norm=0.315816  71.3GiB  rollout/backwards_per_step=4
[07:48:39] INFO    [r0] step 370: loss=0.0341468  lr=1e-05  34.190s/step  grad_norm=0.374676  75.7GiB  rollout/backwards_per_step=4
[07:49:20] INFO    [r0] step 371: loss=0.0448169  lr=1e-05  41.066s/step  grad_norm=2.00811  78.1GiB  rollout/backwards_per_step=4
[07:49:49] INFO    [r0] step 372: loss=0.00792404  lr=1e-05  28.747s/step  grad_norm=0.194669  74.3GiB  rollout/backwards_per_step=4
[07:50:38] INFO    [r0] step 373: loss=0.0205942  lr=1e-05  48.810s/step  grad_norm=0.296943  79.4GiB  rollout/backwards_per_step=4
[07:51:37] INFO    [r0] step 374: loss=0.0406711  lr=1e-05  59.422s/step  grad_norm=0.371802  81.3GiB  rollout/backwards_per_step=4
[07:52:43] INFO    [r0] step 375: loss=0.0725277  lr=1e-05  65.562s/step  grad_norm=0.667059  83.1GiB  rollout/backwards_per_step=4
[07:53:11] INFO    [r0] step 376: loss=0.0450441  lr=1e-05  28.248s/step  grad_norm=1.79191  73.8GiB  rollout/backwards_per_step=4
[07:53:56] INFO    [r0] step 377: loss=0.0368893  lr=1e-05  45.105s/step  grad_norm=0.284834  78.9GiB  rollout/backwards_per_step=4
[07:54:54] INFO    [r0] step 378: loss=0.00952787  lr=1e-05  57.646s/step  grad_norm=0.561226  81.0GiB  rollout/backwards_per_step=4
[07:55:59] INFO    [r0] step 379: loss=0.0235353  lr=1e-05  65.241s/step  grad_norm=0.29557  83.0GiB  rollout/backwards_per_step=4
[07:56:52] INFO    [r0] step 380: loss=0.0500712  lr=1e-05  52.439s/step  grad_norm=1.89976  80.0GiB  rollout/backwards_per_step=4
[07:57:32] INFO    [r0] step 381: loss=0.0382584  lr=1e-05  40.291s/step  grad_norm=1.37179  77.2GiB  rollout/backwards_per_step=4
[07:57:56] INFO    [r0] step 382: loss=0.0672637  lr=1e-05  23.706s/step  grad_norm=1.79429  72.7GiB  rollout/backwards_per_step=4
[07:58:21] INFO    [r0] step 383: loss=0.0170858  lr=1e-05  25.257s/step  grad_norm=0.951902  72.8GiB  rollout/backwards_per_step=4
[07:59:14] INFO    [r0] step 384: loss=0.0644885  lr=1e-05  53.103s/step  grad_norm=0.382436  80.4GiB  rollout/backwards_per_step=4
[07:59:52] INFO    [r0] step 385: loss=0.0491305  lr=1e-05  37.987s/step  grad_norm=1.06427  76.8GiB  rollout/backwards_per_step=4
[08:00:18] INFO    [r0] step 386: loss=0.12691  lr=1e-05  26.429s/step  grad_norm=2.28798  73.4GiB  rollout/backwards_per_step=4
[08:01:02] INFO    [r0] step 387: loss=0.0432031  lr=1e-05  43.501s/step  grad_norm=1.99941  77.5GiB  rollout/backwards_per_step=4
[08:01:32] INFO    [r0] step 388: loss=0.0246434  lr=1e-05  30.634s/step  grad_norm=0.167592  74.9GiB  rollout/backwards_per_step=4
[08:02:09] INFO    [r0] step 389: loss=0.0204811  lr=1e-05  36.227s/step  grad_norm=0.486676  76.5GiB  rollout/backwards_per_step=4
[08:02:54] INFO    [r0] step 390: loss=0.0301727  lr=1e-05  45.292s/step  grad_norm=0.292874  78.7GiB  rollout/backwards_per_step=4
[08:04:03] INFO    [r0] step 391: loss=0.0488551  lr=1e-05  68.607s/step  grad_norm=0.710613  82.8GiB  rollout/backwards_per_step=4
[08:05:00] INFO    [r0] step 392: loss=0.0381217  lr=1e-05  57.112s/step  grad_norm=1.83026  81.1GiB  rollout/backwards_per_step=4
[08:05:40] INFO    [r0] step 393: loss=0.0073435  lr=1e-05  40.303s/step  grad_norm=0.13915  77.3GiB  rollout/backwards_per_step=4
[08:06:33] INFO    [r0] step 394: loss=0.0284289  lr=1e-05  52.617s/step  grad_norm=0.252084  80.3GiB  rollout/backwards_per_step=4
[08:06:58] INFO    [r0] step 395: loss=0.0387024  lr=1e-05  25.376s/step  grad_norm=0.801421  73.0GiB  rollout/backwards_per_step=4
[08:07:21] INFO    [r0] step 396: loss=0.0282582  lr=1e-05  23.290s/step  grad_norm=0.194717  72.5GiB  rollout/backwards_per_step=4
[08:07:44] INFO    [r0] step 397: loss=0.0777092  lr=1e-05  22.676s/step  grad_norm=0.469238  72.9GiB  rollout/backwards_per_step=4
[08:08:11] INFO    [r0] step 398: loss=0.0317009  lr=1e-05  26.720s/step  grad_norm=2.49349  73.3GiB  rollout/backwards_per_step=4
[08:09:06] INFO    [r0] step 399: loss=0.0099605  lr=1e-05  55.275s/step  grad_norm=0.414962  81.0GiB  rollout/backwards_per_step=4
[08:09:46] INFO    [r0] step 400: loss=0.0126973  lr=1e-05  40.144s/step  grad_norm=0.459404  77.1GiB  rollout/backwards_per_step=4
[08:10:10] INFO    [r0] saved /mnt/shared/lihaoran/ssd/framework/anorak-dflow/ckps/krea2-tryon-DOPSD/step_0000400
[08:12:22] INFO    [r0] preview: 5 case(s) (student | phase-1) step 400 -> /mnt/shared/lihaoran/ssd/framework/anorak-dflow/demo/2026-09-12/081010-000400
[08:13:04] INFO    [r0] step 401: loss=0.0236438  lr=1e-05  41.821s/step  grad_norm=0.349661  77.8GiB  rollout/backwards_per_step=4
[08:13:56] INFO    [r0] step 402: loss=0.00575177  lr=1e-05  51.951s/step  grad_norm=0.520472  79.4GiB  rollout/backwards_per_step=4
[08:14:42] INFO    [r0] step 403: loss=0.0482766  lr=1e-05  45.892s/step  grad_norm=1.71297  78.6GiB  rollout/backwards_per_step=4
[08:15:09] INFO    [r0] step 404: loss=0.0269283  lr=1e-05  27.361s/step  grad_norm=0.556999  73.5GiB  rollout/backwards_per_step=4
[08:15:32] INFO    [r0] step 405: loss=0.0144945  lr=1e-05  22.728s/step  grad_norm=0.137165  72.8GiB  rollout/backwards_per_step=4
[08:16:08] INFO    [r0] step 406: loss=0.478718  lr=1e-05  36.073s/step  grad_norm=28.3546  76.3GiB  rollout/backwards_per_step=4
[08:16:42] INFO    [r0] step 407: loss=0.0374525  lr=1e-05  34.317s/step  grad_norm=0.390719  75.6GiB  rollout/backwards_per_step=4
[08:17:40] INFO    [r0] step 408: loss=0.0266083  lr=1e-05  57.596s/step  grad_norm=0.448107  80.8GiB  rollout/backwards_per_step=4
[08:18:35] INFO    [r0] step 409: loss=0.0241404  lr=1e-05  55.192s/step  grad_norm=1.35365  80.9GiB  rollout/backwards_per_step=4
[08:19:08] INFO    [r0] step 410: loss=0.0426951  lr=1e-05  33.650s/step  grad_norm=1.00605  75.7GiB  rollout/backwards_per_step=4
[08:19:45] INFO    [r0] step 411: loss=0.0197985  lr=1e-05  36.245s/step  grad_norm=0.350011  76.5GiB  rollout/backwards_per_step=4
[08:20:49] INFO    [r0] step 412: loss=0.0250119  lr=1e-05  64.434s/step  grad_norm=0.356585  82.4GiB  rollout/backwards_per_step=4
[08:21:13] INFO    [r0] step 413: loss=0.0427159  lr=1e-05  23.671s/step  grad_norm=0.724986  72.7GiB  rollout/backwards_per_step=4
[08:21:42] INFO    [r0] step 414: loss=0.0485047  lr=1e-05  28.910s/step  grad_norm=0.471595  74.3GiB  rollout/backwards_per_step=4
[08:22:32] INFO    [r0] step 415: loss=0.0228206  lr=1e-05  50.389s/step  grad_norm=0.704398  79.7GiB  rollout/backwards_per_step=4
[08:23:35] INFO    [r0] step 416: loss=0.0782182  lr=1e-05  62.701s/step  grad_norm=1.09441  82.6GiB  rollout/backwards_per_step=4
[08:24:13] INFO    [r0] step 417: loss=0.136408  lr=1e-05  38.130s/step  grad_norm=3.04791  77.0GiB  rollout/backwards_per_step=4
[08:24:37] INFO    [r0] step 418: loss=0.0496768  lr=1e-05  23.662s/step  grad_norm=5.13043  72.8GiB  rollout/backwards_per_step=4
[08:25:13] INFO    [r0] step 419: loss=0.0701097  lr=1e-05  36.482s/step  grad_norm=0.504728  76.9GiB  rollout/backwards_per_step=4
[08:26:23] INFO    [r0] step 420: loss=0.0539842  lr=1e-05  70.165s/step  grad_norm=1.43478  83.9GiB  rollout/backwards_per_step=4
[08:26:57] INFO    [r0] step 421: loss=0.0166712  lr=1e-05  34.201s/step  grad_norm=0.616541  75.8GiB  rollout/backwards_per_step=4
[08:27:38] INFO    [r0] step 422: loss=0.0159893  lr=1e-05  40.090s/step  grad_norm=0.678888  77.0GiB  rollout/backwards_per_step=4
[08:28:35] INFO    [r0] step 423: loss=0.0225252  lr=1e-05  57.186s/step  grad_norm=4.44057  81.6GiB  rollout/backwards_per_step=4
[08:29:08] INFO    [r0] step 424: loss=0.0318179  lr=1e-05  32.916s/step  grad_norm=21.2627  75.8GiB  rollout/backwards_per_step=4
[08:29:44] INFO    [r0] step 425: loss=0.098183  lr=1e-05  36.036s/step  grad_norm=2.03082  76.3GiB  rollout/backwards_per_step=4
[08:30:06] INFO    [r0] step 426: loss=0.10342  lr=1e-05  22.010s/step  grad_norm=0.562129  72.1GiB  rollout/backwards_per_step=4
[08:31:14] INFO    [r0] step 427: loss=0.0247271  lr=1e-05  68.734s/step  grad_norm=0.642889  83.2GiB  rollout/backwards_per_step=4
[08:32:14] INFO    [r0] step 428: loss=0.0192941  lr=1e-05  59.120s/step  grad_norm=0.574506  81.0GiB  rollout/backwards_per_step=4
[08:33:09] INFO    [r0] step 429: loss=0.0265982  lr=1e-05  55.701s/step  grad_norm=0.841475  81.3GiB  rollout/backwards_per_step=4
[08:33:55] INFO    [r0] step 430: loss=0.0337626  lr=1e-05  45.873s/step  grad_norm=0.530457  78.4GiB  rollout/backwards_per_step=4
[08:34:47] INFO    [r0] step 431: loss=0.0392112  lr=1e-05  51.522s/step  grad_norm=0.767245  80.5GiB  rollout/backwards_per_step=4
[08:35:31] INFO    [r0] step 432: loss=0.250902  lr=1e-05  43.939s/step  grad_norm=1.73988  78.0GiB  rollout/backwards_per_step=4
[08:36:15] INFO    [r0] step 433: loss=0.0693045  lr=1e-05  44.164s/step  grad_norm=1.70954  78.3GiB  rollout/backwards_per_step=4
[08:36:43] INFO    [r0] step 434: loss=0.101347  lr=1e-05  28.734s/step  grad_norm=2.30254  74.3GiB  rollout/backwards_per_step=4
[08:37:48] INFO    [r0] step 435: loss=0.0765875  lr=1e-05  64.500s/step  grad_norm=0.563752  82.3GiB  rollout/backwards_per_step=4
[08:38:36] INFO    [r0] step 436: loss=0.0528273  lr=1e-05  48.348s/step  grad_norm=0.526611  78.7GiB  rollout/backwards_per_step=4
[08:38:58] INFO    [r0] step 437: loss=0.016398  lr=1e-05  22.090s/step  grad_norm=0.193709  72.6GiB  rollout/backwards_per_step=4
[08:39:24] INFO    [r0] step 438: loss=0.0540695  lr=1e-05  25.422s/step  grad_norm=2.10605  73.2GiB  rollout/backwards_per_step=4
[08:40:22] INFO    [r0] step 439: loss=0.0173677  lr=1e-05  57.691s/step  grad_norm=0.419131  81.1GiB  rollout/backwards_per_step=4
[08:41:17] INFO    [r0] step 440: loss=0.0408075  lr=1e-05  55.070s/step  grad_norm=0.871776  81.1GiB  rollout/backwards_per_step=4
[08:42:02] INFO    [r0] step 441: loss=0.083557  lr=1e-05  45.899s/step  grad_norm=3.78868  78.6GiB  rollout/backwards_per_step=4
[08:42:43] INFO    [r0] step 442: loss=0.0281466  lr=1e-05  40.063s/step  grad_norm=0.457376  76.9GiB  rollout/backwards_per_step=4
[08:43:35] INFO    [r0] step 443: loss=0.0125699  lr=1e-05  52.519s/step  grad_norm=0.417874  80.0GiB  rollout/backwards_per_step=4
[08:44:15] INFO    [r0] step 444: loss=0.144954  lr=1e-05  40.138s/step  grad_norm=1.20641  77.1GiB  rollout/backwards_per_step=4
[08:45:08] INFO    [r0] step 445: loss=0.0121819  lr=1e-05  52.571s/step  grad_norm=0.29148  80.2GiB  rollout/backwards_per_step=4
[08:45:57] INFO    [r0] step 446: loss=0.0929611  lr=1e-05  48.984s/step  grad_norm=1.65927  79.5GiB  rollout/backwards_per_step=4
[08:46:35] INFO    [r0] step 447: loss=0.00873854  lr=1e-05  37.809s/step  grad_norm=0.129346  76.4GiB  rollout/backwards_per_step=4
[08:47:27] INFO    [r0] step 448: loss=0.0370083  lr=1e-05  52.309s/step  grad_norm=0.270824  79.7GiB  rollout/backwards_per_step=4
[08:48:32] INFO    [r0] step 449: loss=0.0205265  lr=1e-05  65.344s/step  grad_norm=0.292267  83.1GiB  rollout/backwards_per_step=4
[08:48:54] INFO    [r0] step 450: loss=0.033971  lr=1e-05  22.175s/step  grad_norm=0.856808  72.4GiB  rollout/backwards_per_step=4
[08:49:30] INFO    [r0] step 451: loss=0.0923803  lr=1e-05  35.962s/step  grad_norm=1.29586  76.1GiB  rollout/backwards_per_step=4
[08:49:54] INFO    [r0] step 452: loss=0.0268001  lr=1e-05  23.280s/step  grad_norm=0.79753  72.4GiB  rollout/backwards_per_step=4
[08:50:49] INFO    [r0] step 453: loss=0.0338131  lr=1e-05  55.387s/step  grad_norm=0.420926  81.0GiB  rollout/backwards_per_step=4
[08:51:59] INFO    [r0] step 454: loss=0.0695703  lr=1e-05  70.130s/step  grad_norm=1.67743  83.8GiB  rollout/backwards_per_step=4
[08:52:20] INFO    [r0] step 455: loss=0.0363224  lr=1e-05  20.606s/step  grad_norm=0.989325  71.8GiB  rollout/backwards_per_step=4
[08:52:45] INFO    [r0] step 456: loss=0.0406767  lr=1e-05  25.436s/step  grad_norm=0.496695  73.2GiB  rollout/backwards_per_step=4
[08:53:09] INFO    [r0] step 457: loss=0.0305386  lr=1e-05  23.668s/step  grad_norm=0.366086  72.5GiB  rollout/backwards_per_step=4
[08:54:05] INFO    [r0] step 458: loss=0.0510071  lr=1e-05  55.674s/step  grad_norm=1.20806  81.3GiB  rollout/backwards_per_step=4
[08:55:00] INFO    [r0] step 459: loss=0.0128878  lr=1e-05  55.428s/step  grad_norm=0.508051  81.1GiB  rollout/backwards_per_step=4
[08:55:23] INFO    [r0] step 460: loss=0.0681512  lr=1e-05  23.339s/step  grad_norm=0.362693  72.5GiB  rollout/backwards_per_step=4
[08:55:47] INFO    [r0] step 461: loss=0.128031  lr=1e-05  23.390s/step  grad_norm=9.8235  72.5GiB  rollout/backwards_per_step=4
[08:56:09] INFO    [r0] step 462: loss=0.0893146  lr=1e-05  21.938s/step  grad_norm=1.96382  72.0GiB  rollout/backwards_per_step=4
[08:56:38] INFO    [r0] step 463: loss=0.0494061  lr=1e-05  29.151s/step  grad_norm=0.425859  74.8GiB  rollout/backwards_per_step=4
[08:57:04] INFO    [r0] step 464: loss=0.0594901  lr=1e-05  26.544s/step  grad_norm=23.4228  73.3GiB  rollout/backwards_per_step=4
[08:57:34] INFO    [r0] step 465: loss=0.0280057  lr=1e-05  30.109s/step  grad_norm=0.340356  74.2GiB  rollout/backwards_per_step=4
[08:58:28] INFO    [r0] step 466: loss=0.0262395  lr=1e-05  53.617s/step  grad_norm=2.93068  80.9GiB  rollout/backwards_per_step=4
[08:59:31] INFO    [r0] step 467: loss=0.0393744  lr=1e-05  63.359s/step  grad_norm=0.469054  82.1GiB  rollout/backwards_per_step=4
[09:00:23] INFO    [r0] step 468: loss=0.0320694  lr=1e-05  51.904s/step  grad_norm=0.307078  79.3GiB  rollout/backwards_per_step=4
[09:01:10] INFO    [r0] step 469: loss=0.0724001  lr=1e-05  46.627s/step  grad_norm=1.15781  78.9GiB  rollout/backwards_per_step=4
[09:02:18] INFO    [r0] step 470: loss=0.020475  lr=1e-05  67.991s/step  grad_norm=1.02686  83.2GiB  rollout/backwards_per_step=4
[09:03:09] INFO    [r0] step 471: loss=0.0398647  lr=1e-05  50.557s/step  grad_norm=1.59503  79.9GiB  rollout/backwards_per_step=4
[09:03:35] INFO    [r0] step 472: loss=0.0531232  lr=1e-05  26.783s/step  grad_norm=0.623496  73.4GiB  rollout/backwards_per_step=4
[09:04:26] INFO    [r0] step 473: loss=0.0335917  lr=1e-05  50.586s/step  grad_norm=0.607105  79.8GiB  rollout/backwards_per_step=4
[09:05:29] INFO    [r0] step 474: loss=0.0589663  lr=1e-05  63.261s/step  grad_norm=0.407962  82.8GiB  rollout/backwards_per_step=4
[09:05:55] INFO    [r0] step 475: loss=0.0986295  lr=1e-05  25.639s/step  grad_norm=4.53728  73.3GiB  rollout/backwards_per_step=4
[09:06:20] INFO    [r0] step 476: loss=0.0510469  lr=1e-05  25.410s/step  grad_norm=0.686104  73.1GiB  rollout/backwards_per_step=4
[09:07:16] INFO    [r0] step 477: loss=0.01762  lr=1e-05  55.341s/step  grad_norm=0.844182  80.9GiB  rollout/backwards_per_step=4
[09:08:11] INFO    [r0] step 478: loss=0.0575168  lr=1e-05  55.522s/step  grad_norm=1.16814  81.1GiB  rollout/backwards_per_step=4
[09:09:04] INFO    [r0] step 479: loss=0.0203107  lr=1e-05  52.622s/step  grad_norm=0.561068  80.3GiB  rollout/backwards_per_step=4
[09:09:45] INFO    [r0] step 480: loss=0.0377246  lr=1e-05  41.594s/step  grad_norm=0.459256  77.5GiB  rollout/backwards_per_step=4
[09:10:40] INFO    [r0] step 481: loss=0.0140595  lr=1e-05  54.914s/step  grad_norm=0.384591  80.5GiB  rollout/backwards_per_step=4
[09:11:29] INFO    [r0] step 482: loss=0.0222706  lr=1e-05  48.943s/step  grad_norm=0.702756  79.5GiB  rollout/backwards_per_step=4
[09:12:37] INFO    [r0] step 483: loss=0.0264881  lr=1e-05  68.067s/step  grad_norm=0.423479  83.2GiB  rollout/backwards_per_step=4
[09:13:06] INFO    [r0] step 484: loss=0.0191235  lr=1e-05  28.874s/step  grad_norm=0.803806  74.3GiB  rollout/backwards_per_step=4
[09:14:11] INFO    [r0] step 485: loss=0.0243553  lr=1e-05  64.636s/step  grad_norm=0.399992  82.3GiB  rollout/backwards_per_step=4
[09:15:13] INFO    [r0] step 486: loss=0.11921  lr=1e-05  62.571s/step  grad_norm=0.748007  82.3GiB  rollout/backwards_per_step=4
[09:16:09] INFO    [r0] step 487: loss=0.0336695  lr=1e-05  55.322s/step  grad_norm=1.4947  80.9GiB  rollout/backwards_per_step=4
[09:16:32] INFO    [r0] step 488: loss=0.0911705  lr=1e-05  23.893s/step  grad_norm=1.33681  73.0GiB  rollout/backwards_per_step=4
[09:17:37] INFO    [r0] step 489: loss=0.0568894  lr=1e-05  64.998s/step  grad_norm=0.800302  82.8GiB  rollout/backwards_per_step=4
[09:18:01] INFO    [r0] step 490: loss=0.0944619  lr=1e-05  23.678s/step  grad_norm=1.66153  72.8GiB  rollout/backwards_per_step=4
[09:18:28] INFO    [r0] step 491: loss=0.0439726  lr=1e-05  26.764s/step  grad_norm=0.296988  73.3GiB  rollout/backwards_per_step=4
[09:19:21] INFO    [r0] step 492: loss=0.0720911  lr=1e-05  53.526s/step  grad_norm=0.90739  80.6GiB  rollout/backwards_per_step=4
[09:19:45] INFO    [r0] step 493: loss=0.0742048  lr=1e-05  23.296s/step  grad_norm=1.52897  72.7GiB  rollout/backwards_per_step=4
[09:20:19] INFO    [r0] step 494: loss=0.073911  lr=1e-05  34.337s/step  grad_norm=3.7202  75.7GiB  rollout/backwards_per_step=4
[09:21:28] INFO    [r0] step 495: loss=0.020675  lr=1e-05  68.696s/step  grad_norm=0.697855  83.8GiB  rollout/backwards_per_step=4
[09:22:33] INFO    [r0] step 496: loss=0.0424585  lr=1e-05  65.094s/step  grad_norm=0.49467  83.0GiB  rollout/backwards_per_step=4
[09:22:57] INFO    [r0] step 497: loss=0.0539571  lr=1e-05  23.720s/step  grad_norm=3.12613  72.8GiB  rollout/backwards_per_step=4
[09:23:23] INFO    [r0] step 498: loss=0.0273925  lr=1e-05  26.308s/step  grad_norm=2.1953  73.2GiB  rollout/backwards_per_step=4
[09:24:24] INFO    [r0] step 499: loss=0.0365338  lr=1e-05  60.925s/step  grad_norm=0.793594  81.6GiB  rollout/backwards_per_step=4
[09:24:50] INFO    [r0] step 500: loss=0.0246354  lr=1e-05  26.208s/step  grad_norm=0.530267  73.4GiB  rollout/backwards_per_step=4
[09:25:14] INFO    [r0] step 501: loss=0.067064  lr=1e-05  23.696s/step  grad_norm=0.82649  72.9GiB  rollout/backwards_per_step=4
[09:26:12] INFO    [r0] step 502: loss=0.224918  lr=1e-05  58.061s/step  grad_norm=0.816545  81.4GiB  rollout/backwards_per_step=4
[09:26:39] INFO    [r0] step 503: loss=0.0111146  lr=1e-05  26.767s/step  grad_norm=1.03665  73.4GiB  rollout/backwards_per_step=4
[09:27:09] INFO    [r0] step 504: loss=0.0648638  lr=1e-05  30.626s/step  grad_norm=0.95831  74.9GiB  rollout/backwards_per_step=4
[09:28:12] INFO    [r0] step 505: loss=0.0207019  lr=1e-05  63.089s/step  grad_norm=0.78117  82.6GiB  rollout/backwards_per_step=4
[09:28:47] INFO    [r0] step 506: loss=0.0591451  lr=1e-05  34.552s/step  grad_norm=0.513509  75.9GiB  rollout/backwards_per_step=4
[09:29:41] INFO    [r0] step 507: loss=0.0208842  lr=1e-05  54.319s/step  grad_norm=0.476129  80.2GiB  rollout/backwards_per_step=4
[09:30:31] INFO    [r0] step 508: loss=0.047789  lr=1e-05  50.283s/step  grad_norm=1.26272  79.5GiB  rollout/backwards_per_step=4
[09:31:27] INFO    [r0] step 509: loss=0.019648  lr=1e-05  55.579s/step  grad_norm=0.859684  81.3GiB  rollout/backwards_per_step=4
[09:32:32] INFO    [r0] step 510: loss=0.0208485  lr=1e-05  64.795s/step  grad_norm=0.711128  82.7GiB  rollout/backwards_per_step=4
[09:33:08] INFO    [r0] step 511: loss=0.0510636  lr=1e-05  36.237s/step  grad_norm=1.30136  76.5GiB  rollout/backwards_per_step=4
[09:33:30] INFO    [r0] step 512: loss=0.0319517  lr=1e-05  22.129s/step  grad_norm=0.55545  72.3GiB  rollout/backwards_per_step=4
[09:34:33] INFO    [r0] step 513: loss=0.0524721  lr=1e-05  62.598s/step  grad_norm=0.507818  82.2GiB  rollout/backwards_per_step=4
[09:35:39] INFO    [r0] step 514: loss=0.0367436  lr=1e-05  66.094s/step  grad_norm=0.222778  83.5GiB  rollout/backwards_per_step=4
[09:36:15] INFO    [r0] step 515: loss=0.194323  lr=1e-05  36.215s/step  grad_norm=9.0028  76.5GiB  rollout/backwards_per_step=4
[09:36:38] INFO    [r0] step 516: loss=0.0809194  lr=1e-05  23.329s/step  grad_norm=0.657522  72.5GiB  rollout/backwards_per_step=4
[09:37:12] INFO    [r0] step 517: loss=0.0451497  lr=1e-05  33.597s/step  grad_norm=3.37264  75.2GiB  rollout/backwards_per_step=4
[09:38:11] INFO    [r0] step 518: loss=0.0230069  lr=1e-05  58.704s/step  grad_norm=0.26999  81.6GiB  rollout/backwards_per_step=4
[09:38:30] INFO    [r0] step 519: loss=0.135095  lr=1e-05  19.610s/step  grad_norm=1.68549  71.7GiB  rollout/backwards_per_step=4
[09:39:26] INFO    [r0] step 520: loss=0.0781556  lr=1e-05  55.361s/step  grad_norm=0.61144  80.9GiB  rollout/backwards_per_step=4
[09:39:52] INFO    [r0] step 521: loss=0.0614599  lr=1e-05  26.474s/step  grad_norm=1.47054  73.1GiB  rollout/backwards_per_step=4
[09:41:00] INFO    [r0] step 522: loss=0.030052  lr=1e-05  68.154s/step  grad_norm=0.885706  83.3GiB  rollout/backwards_per_step=4
[09:41:26] INFO    [r0] step 523: loss=0.0300249  lr=1e-05  25.429s/step  grad_norm=0.471808  73.1GiB  rollout/backwards_per_step=4
[09:42:19] INFO    [r0] step 524: loss=0.0494868  lr=1e-05  53.531s/step  grad_norm=0.544917  80.7GiB  rollout/backwards_per_step=4
[09:42:49] INFO    [r0] step 525: loss=0.0281555  lr=1e-05  29.938s/step  grad_norm=1.05424  74.8GiB  rollout/backwards_per_step=4
[09:43:18] INFO    [r0] step 526: loss=0.0517907  lr=1e-05  28.706s/step  grad_norm=1.42836  74.1GiB  rollout/backwards_per_step=4
[09:43:43] INFO    [r0] step 527: loss=0.125201  lr=1e-05  24.818s/step  grad_norm=3.47137  72.9GiB  rollout/backwards_per_step=4
[09:44:10] INFO    [r0] step 528: loss=0.0167485  lr=1e-05  27.024s/step  grad_norm=0.314256  73.6GiB  rollout/backwards_per_step=4
[09:45:12] INFO    [r0] step 529: loss=0.101076  lr=1e-05  62.502s/step  grad_norm=1.38946  82.2GiB  rollout/backwards_per_step=4
[09:46:18] INFO    [r0] step 530: loss=0.0268901  lr=1e-05  65.598s/step  grad_norm=0.570248  83.3GiB  rollout/backwards_per_step=4
[09:46:40] INFO    [r0] step 531: loss=0.0322516  lr=1e-05  22.104s/step  grad_norm=0.531917  72.1GiB  rollout/backwards_per_step=4
[09:47:36] INFO    [r0] step 532: loss=0.0143969  lr=1e-05  55.986s/step  grad_norm=0.445929  81.0GiB  rollout/backwards_per_step=4
[09:48:47] INFO    [r0] step 533: loss=0.0186417  lr=1e-05  71.387s/step  grad_norm=0.388788  84.1GiB  rollout/backwards_per_step=4
[09:49:14] INFO    [r0] step 534: loss=0.0662848  lr=1e-05  26.781s/step  grad_norm=0.962503  73.4GiB  rollout/backwards_per_step=4
[09:50:17] INFO    [r0] step 535: loss=0.0174363  lr=1e-05  62.484s/step  grad_norm=0.323575  82.1GiB  rollout/backwards_per_step=4
[09:50:45] INFO    [r0] step 536: loss=0.0555765  lr=1e-05  28.014s/step  grad_norm=1.83645  73.6GiB  rollout/backwards_per_step=4
[09:51:47] INFO    [r0] step 537: loss=0.0161512  lr=1e-05  62.671s/step  grad_norm=0.607107  82.5GiB  rollout/backwards_per_step=4
[09:52:14] INFO    [r0] step 538: loss=0.013499  lr=1e-05  26.542s/step  grad_norm=0.22736  73.2GiB  rollout/backwards_per_step=4
[09:53:08] INFO    [r0] step 539: loss=0.0195965  lr=1e-05  54.214s/step  grad_norm=0.212087  81.3GiB  rollout/backwards_per_step=4
[09:53:42] INFO    [r0] step 540: loss=0.0224671  lr=1e-05  33.734s/step  grad_norm=1.28785  75.2GiB  rollout/backwards_per_step=4
[09:54:07] INFO    [r0] step 541: loss=0.0604201  lr=1e-05  24.920s/step  grad_norm=1.58706  72.7GiB  rollout/backwards_per_step=4
[09:54:29] INFO    [r0] step 542: loss=0.0546543  lr=1e-05  22.481s/step  grad_norm=1.42691  72.6GiB  rollout/backwards_per_step=4
[09:55:25] INFO    [r0] step 543: loss=0.00729279  lr=1e-05  55.428s/step  grad_norm=0.0938907  81.0GiB  rollout/backwards_per_step=4
[09:56:27] INFO    [r0] step 544: loss=0.0489052  lr=1e-05  62.755s/step  grad_norm=1.04941  82.5GiB  rollout/backwards_per_step=4
[09:57:30] INFO    [r0] step 545: loss=0.0427493  lr=1e-05  62.424s/step  grad_norm=2.74595  82.1GiB  rollout/backwards_per_step=4
[09:58:16] INFO    [r0] step 546: loss=0.0287306  lr=1e-05  46.598s/step  grad_norm=0.733591  78.8GiB  rollout/backwards_per_step=4
[09:58:40] INFO    [r0] step 547: loss=0.0734162  lr=1e-05  23.292s/step  grad_norm=2.50406  72.7GiB  rollout/backwards_per_step=4
[10:00:13] INFO    [r0] config:
{
  "backbone": {
    "ema": {
      "decay": 0.9999,
      "enabled": false,
      "update_every": 1
    },
    "lora": {
      "adapter_name": "default",
      "alpha": 64.0,
      "dropout": 0.0,
      "enabled": true,
      "init_weights": true,
      "rank": 64,
      "target_modules": null
    },
    "model": {
      "dtype": "bfloat16",
      "family": "krea2-turbo",
      "path": "/mnt/shared/lihaoran/ssd/ckps/Krea-2-Turbo",
      "revision": null,
      "subfolder": "transformer"
    }
  },
  "checkpoint": {
    "directory": "/mnt/shared/lihaoran/ssd/framework/anorak-dflow/ckps/krea2-tryon-DOPSD",
    "export_diffusers": true,
    "interval": 400,
    "keep_latest": 3,
    "preview": true,
    "preview_count": 10,
    "preview_dataset": "/mnt/shared/lihaoran/opsd_data_staging/krea2_tryon_testset10",
    "preview_guidance": null,
    "preview_index": 0,
    "preview_max_area": 258048,
    "preview_steps": null,
    "resume": "latest",
    "save_enabled": true
  },
  "data": {
    "bucket": {
      "drop_underfull": true,
      "enabled": true,
      "seq_multiple": 1
    },
    "loader": {
      "batch_size": 1,
      "drop_last": true,
      "num_workers": 8,
      "persistent_workers": true,
      "pin_memory": true,
      "prefetch_factor": 2,
      "shuffle": true
    },
    "retry": {
      "max_attempts": 8,
      "same_bucket": true
    }
  },
  "dataset": {
    "augment_identity": false,
    "caption_dropout": 0.0,
    "manifest": "train.jsonl",
    "num_references": 9,
    "pad_short_samples": false,
    "pinned_references": 1,
    "reference_dropout": 0.0,
    "reference_fit_target": true,
    "reference_max_area": 147456,
    "reference_registration": "disjoint",
    "reference_t_scale": 1,
    "root": "/mnt/shared/lihaoran/opsd_data_staging/krea2_tryon_train2000",
    "target_max_area": 589824
  },
  "distill": {
    "edit_suffix": "The final reference image is the exact target look to reproduce; match it.",
    "ema_decay": 0.9999,
    "ema_update_every": 1,
    "init_lora_from": "/mnt/shared/lihaoran/ssd/ckps/krea2-tryon-lora",
    "loss_space": "x0",
    "low_mem": true,
    "num_steps": 4,
    "teacher": "ema",
    "teacher_adapter_name": "teacher",
    "teacher_ground_target": false,
    "teacher_ref_target": true
  },
  "flow_match": {
    "distribution": "logit_normal",
    "epsilon": 1e-05,
    "logit_mean": 0.0,
    "logit_std": 1.0,
    "mode_scale": 1.29,
    "num_train_timesteps": 1000,
    "schedule_steps": null,
    "shift": 3.1582,
    "weighting": "none"
  },
  "frozen": {
    "text": {
      "cache_dir": null,
      "enabled": true,
      "encoders": [
        {
          "dtype": "bfloat16",
          "fast_patch_embed": true,
          "ground_references": true,
          "grounding_jitter_min": 192,
          "grounding_max_px": 384,
          "max_grounded_references": 0,
          "max_length": 1024,
          "name": "qwen3-vl",
          "out_layers": [
            2,
            5,
            8,
            11,
            14,
            17,
            20,
            23,
            26,
            29,
            32,
            35
          ],
          "path": "",
          "placement": "device",
          "processor_path": "Qwen/Qwen3-VL-4B-Instruct",
          "subfolder": "text_encoder",
          "tokenizer_subfolder": "tokenizer"
        }
      ]
    },
    "vae": {
      "decode_dtype": "float32",
      "enabled": true,
      "encode_dtype": "bfloat16",
      "path": "",
      "placement": "device",
      "slicing": false,
      "subfolder": "vae",
      "tile_sample_min": [
        512,
        512
      ],
      "tiling": false
    }
  },
  "logging": {
    "directory": "/mnt/shared/lihaoran/ssd/framework/anorak-dflow/runs/krea2_dopsd_tryon/logs",
    "filename": "train.log",
    "interval": 1,
    "tensorboard": true
  },
  "lr_scheduler": {
    "min_lr_ratio": 0.0,
    "type": "constant",
    "warmup_steps": 50
  },
  "optimizer": {
    "betas": [
      0.9,
      0.999
    ],
    "eps": 1e-08,
    "fused": true,
    "lr": 1e-05,
    "type": "adamw",
    "weight_decay": 0.01
  },
  "run_directory": "/mnt/shared/lihaoran/ssd/framework/anorak-dflow/runs/krea2_dopsd_tryon",
  "runtime": {
    "activation_checkpoint": {
      "enabled": true,
      "module_names": null,
      "preserve_rng_state": true
    },
    "attention_backend": "native",
    "compile": {
      "backend": "inductor",
      "enabled": false,
      "fullgraph": true,
      "module_names": null
    },
    "cp": {
      "ring_degree": 1,
      "ulysses_anything": false,
      "ulysses_degree": 1
    },
    "distributed": {
      "cp": 1,
      "dp_replicate": 1,
      "dp_shard": -1
    },
    "fsdp": {
      "cpu_offload": false,
      "enabled": true,
      "keep_fp32_modules": null,
      "module_names": null,
      "param_dtype": "bfloat16",
      "reduce_dtype": "float32",
      "reshard_after_forward": true
    },
    "matmul_precision": "high"
  },
  "training": {
    "autocast_dtype": "bfloat16",
    "grad_accum_steps": 1,
    "max_grad_norm": 1.0,
    "seed": 42,
    "steps": 2000
  }
}
[10:00:13] INFO    [r0] world=1 dp=1 (replicate=1, shard=1) cp=1 fsdp=1 rank=0 dp_rank=0 device=cuda:0
[10:00:13] INFO    [r0] code 68a6a7f80+dirty on lihaoran/opsd/dopsd-krea2-ref2img | torch 2.14.0+cu130 | diffusers 0.39.0 | gpu NVIDIA RTX PRO 6000 Blackwell Server Edition
[10:00:13] INFO    [r0] 2000 samples, 2000 batches per epoch
[10:00:17] INFO    [r0] phase-1 LoRA: matched 512/512 'default' tensors from /mnt/shared/lihaoran/ssd/ckps/krea2-tryon-lora
[10:00:17] INFO    [r0] teacher adapter initialised from student (512 tensors)
[10:00:17] INFO    [r0] 228,524,032 / 13,277,121,100 parameters trainable (1.7212%)
[10:00:18] INFO    [r0] text encoder loaded: 12 taps x 2560 (Qwen3-VL)
[10:00:18] INFO    [r0] D-OPSD: K=4 rollout | teacher=ema (ground_target=False, ref_target=True) | loss=x0 | ema_decay=0.9999
[10:00:18] WARNING [r0] Krea 2 has no pretrained reference conditioning; the teacher can only supervise usefully if it can already use references. Start from a phase-1 ref2img LoRA (init_lora_from) and/or rely on Qwen3-VL grounding of the target.
[10:00:20] INFO    [r0] preview: 10 held-out test cases from /mnt/shared/lihaoran/opsd_data_staging/krea2_tryon_testset10
[10:04:57] INFO    [r0] preview: cached 10 phase-1 baseline(s) | 8 steps, cfg 0.0
[10:04:57] INFO    [r0] trainer: fit_distill (memory-flat; per-step backward, O(1) in K)
[10:05:18] INFO    [r0] resumed from /mnt/shared/lihaoran/ssd/framework/anorak-dflow/ckps/krea2-tryon-DOPSD/step_0000400 at step 400
[10:05:19] INFO    [r0] new shape 64x35 latent | 2240 target + 6720 reference tokens | K=4 rollout | mu 1.1500 (shift 3.16)
[10:06:01] INFO    [r0] step 401: loss=0.0201317  lr=1e-05  42.198s/step  grad_norm=0.516965  77.7GiB  rollout/backwards_per_step=4
[10:06:53] INFO    [r0] step 402: loss=0.13254  lr=1e-05  52.557s/step  grad_norm=8.96893  80.3GiB  rollout/backwards_per_step=4
[10:07:40] INFO    [r0] step 403: loss=0.0410148  lr=1e-05  46.554s/step  grad_norm=6.16497  79.1GiB  rollout/backwards_per_step=4
[10:08:07] INFO    [r0] step 404: loss=0.0170062  lr=1e-05  27.042s/step  grad_norm=0.348141  73.7GiB  rollout/backwards_per_step=4
[10:08:29] INFO    [r0] step 405: loss=0.0177837  lr=1e-05  22.606s/step  grad_norm=0.690905  73.0GiB  rollout/backwards_per_step=4
[10:09:06] INFO    [r0] step 406: loss=0.156573  lr=1e-05  36.363s/step  grad_norm=31.9064  77.0GiB  rollout/backwards_per_step=4
[10:09:40] INFO    [r0] step 407: loss=0.0319948  lr=1e-05  34.118s/step  grad_norm=0.490529  75.7GiB  rollout/backwards_per_step=4
[10:10:38] INFO    [r0] step 408: loss=0.0558341  lr=1e-05  57.783s/step  grad_norm=3.15611  81.2GiB  rollout/backwards_per_step=4
[10:11:33] INFO    [r0] step 409: loss=0.024909  lr=1e-05  55.213s/step  grad_norm=0.33571  80.7GiB  rollout/backwards_per_step=4
[10:12:07] INFO    [r0] step 410: loss=0.0591484  lr=1e-05  34.275s/step  grad_norm=1.97879  76.6GiB  rollout/backwards_per_step=4
[10:12:44] INFO    [r0] step 411: loss=0.0154331  lr=1e-05  36.467s/step  grad_norm=0.30445  77.0GiB  rollout/backwards_per_step=4
[10:13:48] INFO    [r0] step 412: loss=0.021187  lr=1e-05  64.967s/step  grad_norm=0.449  83.1GiB  rollout/backwards_per_step=4
[10:14:12] INFO    [r0] step 413: loss=0.0279428  lr=1e-05  23.336s/step  grad_norm=0.69681  72.8GiB  rollout/backwards_per_step=4
[10:14:41] INFO    [r0] step 414: loss=0.0506666  lr=1e-05  29.103s/step  grad_norm=0.472129  74.7GiB  rollout/backwards_per_step=4
[10:15:32] INFO    [r0] step 415: loss=0.0199564  lr=1e-05  51.497s/step  grad_norm=0.353943  80.8GiB  rollout/backwards_per_step=4
[10:16:35] INFO    [r0] step 416: loss=0.0276718  lr=1e-05  62.642s/step  grad_norm=0.742115  82.8GiB  rollout/backwards_per_step=4
[10:17:13] INFO    [r0] step 417: loss=0.196491  lr=1e-05  37.987s/step  grad_norm=2.57226  76.9GiB  rollout/backwards_per_step=4
[10:17:36] INFO    [r0] step 418: loss=0.0300663  lr=1e-05  23.282s/step  grad_norm=1.11087  72.6GiB  rollout/backwards_per_step=4
[10:18:12] INFO    [r0] step 419: loss=0.0568734  lr=1e-05  36.135s/step  grad_norm=1.39319  76.6GiB  rollout/backwards_per_step=4
[10:19:21] INFO    [r0] step 420: loss=0.0225557  lr=1e-05  68.678s/step  grad_norm=1.17089  83.2GiB  rollout/backwards_per_step=4
[10:19:55] INFO    [r0] step 421: loss=0.0231954  lr=1e-05  33.727s/step  grad_norm=0.447709  75.5GiB  rollout/backwards_per_step=4
[10:20:35] INFO    [r0] step 422: loss=0.0127163  lr=1e-05  40.306s/step  grad_norm=0.279603  77.5GiB  rollout/backwards_per_step=4
[10:21:31] INFO    [r0] step 423: loss=0.0191536  lr=1e-05  55.961s/step  grad_norm=1.05069  81.4GiB  rollout/backwards_per_step=4
[10:22:04] INFO    [r0] step 424: loss=0.0542663  lr=1e-05  32.823s/step  grad_norm=18.5661  76.1GiB  rollout/backwards_per_step=4
[10:22:40] INFO    [r0] step 425: loss=0.0327944  lr=1e-05  36.062s/step  grad_norm=0.665559  76.6GiB  rollout/backwards_per_step=4
[10:23:02] INFO    [r0] step 426: loss=0.0750571  lr=1e-05  21.982s/step  grad_norm=1.53406  72.2GiB  rollout/backwards_per_step=4
[10:24:11] INFO    [r0] step 427: loss=0.103185  lr=1e-05  68.776s/step  grad_norm=2.44739  83.5GiB  rollout/backwards_per_step=4
[10:25:10] INFO    [r0] step 428: loss=0.0600152  lr=1e-05  59.334s/step  grad_norm=0.64155  81.5GiB  rollout/backwards_per_step=4
[10:26:05] INFO    [r0] step 429: loss=0.0312604  lr=1e-05  54.431s/step  grad_norm=1.51517  80.6GiB  rollout/backwards_per_step=4
[10:26:51] INFO    [r0] step 430: loss=0.0288754  lr=1e-05  46.608s/step  grad_norm=0.284981  79.1GiB  rollout/backwards_per_step=4
[10:27:41] INFO    [r0] step 431: loss=0.050789  lr=1e-05  50.307s/step  grad_norm=0.82487  80.1GiB  rollout/backwards_per_step=4
[10:28:27] INFO    [r0] step 432: loss=0.147469  lr=1e-05  45.316s/step  grad_norm=3.85198  79.5GiB  rollout/backwards_per_step=4
[10:29:11] INFO    [r0] step 433: loss=0.0215774  lr=1e-05  44.224s/step  grad_norm=0.876693  78.7GiB  rollout/backwards_per_step=4
[10:29:40] INFO    [r0] step 434: loss=0.0423909  lr=1e-05  29.458s/step  grad_norm=2.0876  75.2GiB  rollout/backwards_per_step=4
[10:30:45] INFO    [r0] step 435: loss=0.0237722  lr=1e-05  65.018s/step  grad_norm=0.372094  83.0GiB  rollout/backwards_per_step=4
[10:31:34] INFO    [r0] step 436: loss=0.0512368  lr=1e-05  48.661s/step  grad_norm=0.80037  79.4GiB  rollout/backwards_per_step=4
[10:31:56] INFO    [r0] step 437: loss=0.0125354  lr=1e-05  21.970s/step  grad_norm=0.119229  72.4GiB  rollout/backwards_per_step=4
[10:32:22] INFO    [r0] step 438: loss=0.0966846  lr=1e-05  25.577s/step  grad_norm=1.15717  73.5GiB  rollout/backwards_per_step=4
[10:33:20] INFO    [r0] step 439: loss=0.0312447  lr=1e-05  58.808s/step  grad_norm=0.754323  81.9GiB  rollout/backwards_per_step=4
[10:34:15] INFO    [r0] step 440: loss=0.039576  lr=1e-05  54.967s/step  grad_norm=1.2108  80.9GiB  rollout/backwards_per_step=4
[10:35:01] INFO    [r0] step 441: loss=0.0560706  lr=1e-05  45.570s/step  grad_norm=0.81242  78.5GiB  rollout/backwards_per_step=4
[10:35:41] INFO    [r0] step 442: loss=0.0368939  lr=1e-05  40.081s/step  grad_norm=0.400133  77.2GiB  rollout/backwards_per_step=4
[10:36:34] INFO    [r0] step 443: loss=0.0106166  lr=1e-05  52.581s/step  grad_norm=0.31021  80.5GiB  rollout/backwards_per_step=4
[10:37:14] INFO    [r0] step 444: loss=0.0424349  lr=1e-05  40.158s/step  grad_norm=0.529662  77.4GiB  rollout/backwards_per_step=4
[10:38:07] INFO    [r0] step 445: loss=0.0258885  lr=1e-05  52.695s/step  grad_norm=0.480933  80.4GiB  rollout/backwards_per_step=4
[10:38:56] INFO    [r0] step 446: loss=0.0965796  lr=1e-05  49.096s/step  grad_norm=2.03381  79.8GiB  rollout/backwards_per_step=4
[10:39:34] INFO    [r0] step 447: loss=0.00524766  lr=1e-05  37.925s/step  grad_norm=0.0558388  76.8GiB  rollout/backwards_per_step=4
[10:40:26] INFO    [r0] step 448: loss=0.0924206  lr=1e-05  52.233s/step  grad_norm=1.74846  79.9GiB  rollout/backwards_per_step=4
[10:41:31] INFO    [r0] step 449: loss=0.00898017  lr=1e-05  65.098s/step  grad_norm=0.596241  83.2GiB  rollout/backwards_per_step=4
[10:41:53] INFO    [r0] step 450: loss=0.100256  lr=1e-05  22.165s/step  grad_norm=7.07861  72.6GiB  rollout/backwards_per_step=4
[10:42:29] INFO    [r0] step 451: loss=0.0196732  lr=1e-05  36.358s/step  grad_norm=0.431658  76.9GiB  rollout/backwards_per_step=4
[10:42:53] INFO    [r0] step 452: loss=0.0512138  lr=1e-05  23.307s/step  grad_norm=0.626273  72.7GiB  rollout/backwards_per_step=4
[10:43:48] INFO    [r0] step 453: loss=0.0499052  lr=1e-05  55.620s/step  grad_norm=0.331955  81.6GiB  rollout/backwards_per_step=4
[10:44:58] INFO    [r0] step 454: loss=0.124859  lr=1e-05  69.360s/step  grad_norm=1.4825  83.8GiB  rollout/backwards_per_step=4
[10:45:18] INFO    [r0] step 455: loss=0.0178355  lr=1e-05  20.430s/step  grad_norm=0.538377  72.0GiB  rollout/backwards_per_step=4
[10:45:43] INFO    [r0] step 456: loss=0.104096  lr=1e-05  25.190s/step  grad_norm=2.07503  73.1GiB  rollout/backwards_per_step=4
[10:46:07] INFO    [r0] step 457: loss=0.0208189  lr=1e-05  24.003s/step  grad_norm=0.213973  73.4GiB  rollout/backwards_per_step=4
[10:47:03] INFO    [r0] step 458: loss=0.0206459  lr=1e-05  55.174s/step  grad_norm=1.26551  81.0GiB  rollout/backwards_per_step=4
[10:47:57] INFO    [r0] step 459: loss=0.0100108  lr=1e-05  54.371s/step  grad_norm=0.41276  80.5GiB  rollout/backwards_per_step=4
[10:48:21] INFO    [r0] step 460: loss=0.0337173  lr=1e-05  23.624s/step  grad_norm=0.825867  72.9GiB  rollout/backwards_per_step=4
[10:48:44] INFO    [r0] step 461: loss=0.162009  lr=1e-05  23.647s/step  grad_norm=3.87544  73.0GiB  rollout/backwards_per_step=4
[10:49:06] INFO    [r0] step 462: loss=0.0934454  lr=1e-05  22.010s/step  grad_norm=2.68573  72.3GiB  rollout/backwards_per_step=4
[10:49:35] INFO    [r0] step 463: loss=0.0165204  lr=1e-05  28.978s/step  grad_norm=0.758253  74.6GiB  rollout/backwards_per_step=4
[10:50:02] INFO    [r0] step 464: loss=0.0208652  lr=1e-05  26.707s/step  grad_norm=1.64632  73.6GiB  rollout/backwards_per_step=4
[10:50:32] INFO    [r0] step 465: loss=0.0145812  lr=1e-05  30.410s/step  grad_norm=0.255063  75.0GiB  rollout/backwards_per_step=4
[10:51:25] INFO    [r0] step 466: loss=0.0254691  lr=1e-05  53.232s/step  grad_norm=1.39762  80.7GiB  rollout/backwards_per_step=4
[10:52:30] INFO    [r0] step 467: loss=0.0705767  lr=1e-05  64.507s/step  grad_norm=2.75549  83.0GiB  rollout/backwards_per_step=4
[10:53:22] INFO    [r0] step 468: loss=0.0398624  lr=1e-05  52.361s/step  grad_norm=0.451965  80.2GiB  rollout/backwards_per_step=4
[10:54:08] INFO    [r0] step 469: loss=0.093973  lr=1e-05  45.720s/step  grad_norm=1.61625  78.7GiB  rollout/backwards_per_step=4
[10:55:15] INFO    [r0] step 470: loss=0.00910292  lr=1e-05  67.207s/step  grad_norm=0.676926  83.1GiB  rollout/backwards_per_step=4
[10:56:07] INFO    [r0] step 471: loss=0.0329585  lr=1e-05  51.590s/step  grad_norm=0.466764  80.7GiB  rollout/backwards_per_step=4
[10:56:34] INFO    [r0] step 472: loss=0.0619142  lr=1e-05  26.774s/step  grad_norm=1.53354  73.6GiB  rollout/backwards_per_step=4
[10:57:25] INFO    [r0] step 473: loss=0.0218803  lr=1e-05  50.850s/step  grad_norm=0.521379  80.0GiB  rollout/backwards_per_step=4
[10:58:27] INFO    [r0] step 474: loss=0.0674541  lr=1e-05  62.286s/step  grad_norm=1.60188  82.5GiB  rollout/backwards_per_step=4
[10:58:52] INFO    [r0] step 475: loss=0.0990361  lr=1e-05  25.640s/step  grad_norm=4.37032  73.5GiB  rollout/backwards_per_step=4
[10:59:18] INFO    [r0] step 476: loss=0.0629922  lr=1e-05  25.433s/step  grad_norm=0.864026  73.3GiB  rollout/backwards_per_step=4
[11:00:13] INFO    [r0] step 477: loss=0.0129328  lr=1e-05  55.351s/step  grad_norm=0.229317  81.2GiB  rollout/backwards_per_step=4
[11:01:09] INFO    [r0] step 478: loss=0.0575149  lr=1e-05  55.586s/step  grad_norm=0.812139  81.4GiB  rollout/backwards_per_step=4
[11:02:02] INFO    [r0] step 479: loss=0.0269779  lr=1e-05  53.128s/step  grad_norm=0.392278  80.7GiB  rollout/backwards_per_step=4
[11:02:43] INFO    [r0] step 480: loss=0.0416849  lr=1e-05  40.744s/step  grad_norm=0.781521  77.2GiB  rollout/backwards_per_step=4
[11:03:38] INFO    [r0] step 481: loss=0.0149934  lr=1e-05  55.557s/step  grad_norm=1.1749  81.5GiB  rollout/backwards_per_step=4
[11:04:27] INFO    [r0] step 482: loss=0.0122798  lr=1e-05  48.474s/step  grad_norm=0.291855  79.3GiB  rollout/backwards_per_step=4
[11:05:35] INFO    [r0] step 483: loss=0.0282339  lr=1e-05  68.295s/step  grad_norm=0.797112  83.7GiB  rollout/backwards_per_step=4
[11:06:03] INFO    [r0] step 484: loss=0.033013  lr=1e-05  28.214s/step  grad_norm=0.603823  74.0GiB  rollout/backwards_per_step=4
[11:07:08] INFO    [r0] step 485: loss=0.0183995  lr=1e-05  65.086s/step  grad_norm=0.214716  83.2GiB  rollout/backwards_per_step=4
[11:08:11] INFO    [r0] step 486: loss=0.123902  lr=1e-05  62.450s/step  grad_norm=0.470076  82.4GiB  rollout/backwards_per_step=4
[11:09:06] INFO    [r0] step 487: loss=0.045973  lr=1e-05  55.235s/step  grad_norm=1.04289  81.0GiB  rollout/backwards_per_step=4
[11:09:30] INFO    [r0] step 488: loss=0.028412  lr=1e-05  23.714s/step  grad_norm=0.984073  73.0GiB  rollout/backwards_per_step=4
[11:10:36] INFO    [r0] step 489: loss=0.0488914  lr=1e-05  66.037s/step  grad_norm=0.788056  83.7GiB  rollout/backwards_per_step=4
[11:10:59] INFO    [r0] step 490: loss=0.0421733  lr=1e-05  23.336s/step  grad_norm=0.830457  72.7GiB  rollout/backwards_per_step=4
[11:11:26] INFO    [r0] step 491: loss=0.047195  lr=1e-05  26.854s/step  grad_norm=0.632575  73.5GiB  rollout/backwards_per_step=4
[11:12:19] INFO    [r0] step 492: loss=0.0728731  lr=1e-05  52.577s/step  grad_norm=2.9276  80.5GiB  rollout/backwards_per_step=4
[11:12:42] INFO    [r0] step 493: loss=0.0985585  lr=1e-05  23.192s/step  grad_norm=3.35552  72.8GiB  rollout/backwards_per_step=4
[11:13:16] INFO    [r0] step 494: loss=0.0523963  lr=1e-05  34.733s/step  grad_norm=0.813656  76.3GiB  rollout/backwards_per_step=4
[11:14:25] INFO    [r0] step 495: loss=0.0174509  lr=1e-05  68.836s/step  grad_norm=0.481454  84.2GiB  rollout/backwards_per_step=4
[11:15:30] INFO    [r0] step 496: loss=0.0390861  lr=1e-05  64.984s/step  grad_norm=0.305642  82.9GiB  rollout/backwards_per_step=4
[11:15:54] INFO    [r0] step 497: loss=0.0648342  lr=1e-05  24.033s/step  grad_norm=0.767871  73.3GiB  rollout/backwards_per_step=4
[11:16:21] INFO    [r0] step 498: loss=0.0322949  lr=1e-05  26.492s/step  grad_norm=4.80721  73.5GiB  rollout/backwards_per_step=4
[11:17:21] INFO    [r0] step 499: loss=0.057644  lr=1e-05  60.669s/step  grad_norm=1.69262  81.8GiB  rollout/backwards_per_step=4
[11:17:48] INFO    [r0] step 500: loss=0.0265434  lr=1e-05  26.465s/step  grad_norm=0.623396  73.8GiB  rollout/backwards_per_step=4
[11:18:12] INFO    [r0] step 501: loss=0.0279189  lr=1e-05  23.904s/step  grad_norm=0.282463  73.2GiB  rollout/backwards_per_step=4
[11:19:10] INFO    [r0] step 502: loss=0.0429129  lr=1e-05  57.984s/step  grad_norm=0.769312  81.4GiB  rollout/backwards_per_step=4
[11:19:37] INFO    [r0] step 503: loss=0.0140802  lr=1e-05  26.716s/step  grad_norm=0.616868  73.5GiB  rollout/backwards_per_step=4
[11:20:07] INFO    [r0] step 504: loss=0.102253  lr=1e-05  30.329s/step  grad_norm=1.21271  74.8GiB  rollout/backwards_per_step=4
[11:21:09] INFO    [r0] step 505: loss=0.0157279  lr=1e-05  62.447s/step  grad_norm=0.625346  82.5GiB  rollout/backwards_per_step=4
[11:21:44] INFO    [r0] step 506: loss=0.0463409  lr=1e-05  34.549s/step  grad_norm=0.823726  76.2GiB  rollout/backwards_per_step=4
[11:22:39] INFO    [r0] step 507: loss=0.0270453  lr=1e-05  55.155s/step  grad_norm=0.936689  81.1GiB  rollout/backwards_per_step=4
[11:23:29] INFO    [r0] step 508: loss=0.0298672  lr=1e-05  49.898s/step  grad_norm=0.776798  79.3GiB  rollout/backwards_per_step=4
[11:24:24] INFO    [r0] step 509: loss=0.0352894  lr=1e-05  55.133s/step  grad_norm=0.493727  81.1GiB  rollout/backwards_per_step=4
[11:25:29] INFO    [r0] step 510: loss=0.0305077  lr=1e-05  65.304s/step  grad_norm=0.444217  83.5GiB  rollout/backwards_per_step=4
[11:26:05] INFO    [r0] step 511: loss=0.0293095  lr=1e-05  36.055s/step  grad_norm=1.15531  76.6GiB  rollout/backwards_per_step=4
[11:26:27] INFO    [r0] step 512: loss=0.0307458  lr=1e-05  22.034s/step  grad_norm=0.269718  72.3GiB  rollout/backwards_per_step=4
[11:27:30] INFO    [r0] step 513: loss=0.0158223  lr=1e-05  62.306s/step  grad_norm=0.330772  82.3GiB  rollout/backwards_per_step=4
[11:28:35] INFO    [r0] step 514: loss=0.0205824  lr=1e-05  64.778s/step  grad_norm=0.241816  83.0GiB  rollout/backwards_per_step=4
[11:29:11] INFO    [r0] step 515: loss=0.0821789  lr=1e-05  36.177s/step  grad_norm=3.03119  76.7GiB  rollout/backwards_per_step=4
[11:29:35] INFO    [r0] step 516: loss=0.106294  lr=1e-05  23.834s/step  grad_norm=0.972508  73.2GiB  rollout/backwards_per_step=4
[11:30:08] INFO    [r0] step 517: loss=0.0264387  lr=1e-05  33.725s/step  grad_norm=0.465109  75.5GiB  rollout/backwards_per_step=4
[11:31:06] INFO    [r0] step 518: loss=0.0305192  lr=1e-05  57.538s/step  grad_norm=0.583314  81.2GiB  rollout/backwards_per_step=4
[11:31:25] INFO    [r0] step 519: loss=0.174374  lr=1e-05  19.597s/step  grad_norm=1.35063  71.9GiB  rollout/backwards_per_step=4
[11:32:21] INFO    [r0] step 520: loss=0.0320436  lr=1e-05  55.213s/step  grad_norm=1.06108  81.1GiB  rollout/backwards_per_step=4
[11:32:47] INFO    [r0] step 521: loss=0.0498032  lr=1e-05  26.789s/step  grad_norm=2.32634  73.8GiB  rollout/backwards_per_step=4
[11:33:56] INFO    [r0] step 522: loss=0.0283483  lr=1e-05  68.498s/step  grad_norm=0.760367  83.9GiB  rollout/backwards_per_step=4
[11:34:21] INFO    [r0] step 523: loss=0.0398668  lr=1e-05  25.591s/step  grad_norm=0.584131  73.6GiB  rollout/backwards_per_step=4
[11:35:15] INFO    [r0] step 524: loss=0.0900692  lr=1e-05  53.426s/step  grad_norm=0.782051  80.9GiB  rollout/backwards_per_step=4
[11:35:45] INFO    [r0] step 525: loss=0.0590766  lr=1e-05  29.875s/step  grad_norm=1.97195  74.8GiB  rollout/backwards_per_step=4
[11:36:13] INFO    [r0] step 526: loss=0.0261465  lr=1e-05  28.644s/step  grad_norm=1.73258  74.3GiB  rollout/backwards_per_step=4
[11:36:38] INFO    [r0] step 527: loss=0.157107  lr=1e-05  25.042s/step  grad_norm=2.55378  73.3GiB  rollout/backwards_per_step=4
[11:37:05] INFO    [r0] step 528: loss=0.0188107  lr=1e-05  26.892s/step  grad_norm=1.91455  73.6GiB  rollout/backwards_per_step=4
[11:38:08] INFO    [r0] step 529: loss=0.0444454  lr=1e-05  63.113s/step  grad_norm=0.534958  82.9GiB  rollout/backwards_per_step=4
[11:39:13] INFO    [r0] step 530: loss=0.022581  lr=1e-05  64.809s/step  grad_norm=0.357184  83.0GiB  rollout/backwards_per_step=4
[11:39:35] INFO    [r0] step 531: loss=0.149575  lr=1e-05  22.120s/step  grad_norm=2.45549  72.4GiB  rollout/backwards_per_step=4
[11:40:31] INFO    [r0] step 532: loss=0.0168941  lr=1e-05  55.835s/step  grad_norm=0.939068  80.9GiB  rollout/backwards_per_step=4
[11:41:42] INFO    [r0] step 533: loss=0.01474  lr=1e-05  71.165s/step  grad_norm=0.412307  84.2GiB  rollout/backwards_per_step=4
[11:42:09] INFO    [r0] step 534: loss=0.0527315  lr=1e-05  26.916s/step  grad_norm=3.21104  73.8GiB  rollout/backwards_per_step=4
[11:43:12] INFO    [r0] step 535: loss=0.0174942  lr=1e-05  62.389s/step  grad_norm=0.562371  82.3GiB  rollout/backwards_per_step=4
[11:43:40] INFO    [r0] step 536: loss=0.0391557  lr=1e-05  28.186s/step  grad_norm=0.947118  74.0GiB  rollout/backwards_per_step=4
[11:44:42] INFO    [r0] step 537: loss=0.0221434  lr=1e-05  62.221s/step  grad_norm=0.901987  82.3GiB  rollout/backwards_per_step=4
[11:45:09] INFO    [r0] step 538: loss=0.0211048  lr=1e-05  26.888s/step  grad_norm=0.220203  73.7GiB  rollout/backwards_per_step=4
[11:46:02] INFO    [r0] step 539: loss=0.0128106  lr=1e-05  53.347s/step  grad_norm=0.211215  81.0GiB  rollout/backwards_per_step=4
[11:46:37] INFO    [r0] step 540: loss=0.019802  lr=1e-05  34.256s/step  grad_norm=1.04922  75.7GiB  rollout/backwards_per_step=4
[11:47:02] INFO    [r0] step 541: loss=0.0757231  lr=1e-05  24.989s/step  grad_norm=2.46083  73.3GiB  rollout/backwards_per_step=4
[11:47:24] INFO    [r0] step 542: loss=0.0900242  lr=1e-05  22.213s/step  grad_norm=1.45891  72.7GiB  rollout/backwards_per_step=4
[11:48:19] INFO    [r0] step 543: loss=0.00998777  lr=1e-05  55.322s/step  grad_norm=0.534892  81.1GiB  rollout/backwards_per_step=4
[11:49:22] INFO    [r0] step 544: loss=0.0287519  lr=1e-05  62.510s/step  grad_norm=0.582479  82.2GiB  rollout/backwards_per_step=4
[11:50:24] INFO    [r0] step 545: loss=0.0252174  lr=1e-05  62.669s/step  grad_norm=1.56831  82.6GiB  rollout/backwards_per_step=4
[11:51:11] INFO    [r0] step 546: loss=0.0300684  lr=1e-05  46.597s/step  grad_norm=0.809021  79.0GiB  rollout/backwards_per_step=4
[11:51:34] INFO    [r0] step 547: loss=0.11738  lr=1e-05  23.089s/step  grad_norm=1.20529  72.7GiB  rollout/backwards_per_step=4
[11:52:39] INFO    [r0] step 548: loss=0.0459066  lr=1e-05  65.335s/step  grad_norm=0.616055  83.4GiB  rollout/backwards_per_step=4
[11:53:35] INFO    [r0] step 549: loss=0.026279  lr=1e-05  55.833s/step  grad_norm=0.987227  81.7GiB  rollout/backwards_per_step=4
[11:54:19] INFO    [r0] step 550: loss=0.07366  lr=1e-05  43.703s/step  grad_norm=1.76264  77.9GiB  rollout/backwards_per_step=4
[11:55:17] INFO    [r0] step 551: loss=0.0125733  lr=1e-05  58.119s/step  grad_norm=0.62611  81.4GiB  rollout/backwards_per_step=4
[11:55:38] INFO    [r0] step 552: loss=0.0514023  lr=1e-05  20.752s/step  grad_norm=0.99697  72.5GiB  rollout/backwards_per_step=4
[11:56:16] INFO    [r0] step 553: loss=0.0292614  lr=1e-05  38.015s/step  grad_norm=0.521477  77.1GiB  rollout/backwards_per_step=4
[11:56:46] INFO    [r0] step 554: loss=0.0296468  lr=1e-05  30.423s/step  grad_norm=0.452795  74.9GiB  rollout/backwards_per_step=4
[11:57:49] INFO    [r0] step 555: loss=0.0189072  lr=1e-05  62.686s/step  grad_norm=0.239233  82.6GiB  rollout/backwards_per_step=4
[11:58:35] INFO    [r0] step 556: loss=0.00781314  lr=1e-05  45.857s/step  grad_norm=0.149197  78.8GiB  rollout/backwards_per_step=4
[11:58:58] INFO    [r0] step 557: loss=0.048121  lr=1e-05  23.309s/step  grad_norm=2.76224  72.7GiB  rollout/backwards_per_step=4
[11:59:45] INFO    [r0] step 558: loss=0.0168873  lr=1e-05  47.365s/step  grad_norm=0.646178  78.8GiB  rollout/backwards_per_step=4
[12:00:20] INFO    [r0] step 559: loss=0.034816  lr=1e-05  34.821s/step  grad_norm=0.314449  76.5GiB  rollout/backwards_per_step=4
[12:01:18] INFO    [r0] step 560: loss=0.0456877  lr=1e-05  57.824s/step  grad_norm=4.57397  81.5GiB  rollout/backwards_per_step=4
[12:01:58] INFO    [r0] step 561: loss=0.0113903  lr=1e-05  39.702s/step  grad_norm=0.148593  76.9GiB  rollout/backwards_per_step=4
[12:02:21] INFO    [r0] step 562: loss=0.209243  lr=1e-05  23.338s/step  grad_norm=1.10711  72.7GiB  rollout/backwards_per_step=4
[12:03:14] INFO    [r0] step 563: loss=0.237204  lr=1e-05  53.168s/step  grad_norm=11.5391  80.6GiB  rollout/backwards_per_step=4
[12:03:52] INFO    [r0] step 564: loss=0.0295297  lr=1e-05  37.889s/step  grad_norm=0.363576  76.9GiB  rollout/backwards_per_step=4
[12:04:36] INFO    [r0] step 565: loss=0.0384755  lr=1e-05  43.983s/step  grad_norm=0.843399  78.2GiB  rollout/backwards_per_step=4
[12:05:36] INFO    [r0] step 566: loss=0.0673681  lr=1e-05  60.167s/step  grad_norm=3.37888  81.5GiB  rollout/backwards_per_step=4
[12:06:05] INFO    [r0] step 567: loss=0.0505677  lr=1e-05  28.267s/step  grad_norm=1.20773  74.0GiB  rollout/backwards_per_step=4
[12:06:58] INFO    [r0] step 568: loss=0.0338069  lr=1e-05  52.978s/step  grad_norm=0.67136  80.4GiB  rollout/backwards_per_step=4
[12:07:36] INFO    [r0] step 569: loss=0.0705101  lr=1e-05  38.148s/step  grad_norm=0.951229  77.3GiB  rollout/backwards_per_step=4
[12:08:15] INFO    [r0] step 570: loss=0.031402  lr=1e-05  39.275s/step  grad_norm=0.912012  77.1GiB  rollout/backwards_per_step=4
[12:08:42] INFO    [r0] step 571: loss=0.0318203  lr=1e-05  26.745s/step  grad_norm=0.404668  73.7GiB  rollout/backwards_per_step=4
[12:09:47] INFO    [r0] step 572: loss=0.0156393  lr=1e-05  64.956s/step  grad_norm=0.35599  83.2GiB  rollout/backwards_per_step=4
[12:10:12] INFO    [r0] step 573: loss=0.104166  lr=1e-05  25.417s/step  grad_norm=1.26063  73.2GiB  rollout/backwards_per_step=4
[12:10:58] INFO    [r0] step 574: loss=0.0131384  lr=1e-05  45.793s/step  grad_norm=0.17303  78.8GiB  rollout/backwards_per_step=4
[12:11:55] INFO    [r0] step 575: loss=0.0272141  lr=1e-05  57.598s/step  grad_norm=1.75732  81.5GiB  rollout/backwards_per_step=4
[12:12:23] INFO    [r0] step 576: loss=0.0901516  lr=1e-05  27.039s/step  grad_norm=0.715738  73.6GiB  rollout/backwards_per_step=4
[12:12:49] INFO    [r0] step 577: loss=0.0345443  lr=1e-05  26.747s/step  grad_norm=0.547801  73.8GiB  rollout/backwards_per_step=4
[12:13:46] INFO    [r0] step 578: loss=0.0715538  lr=1e-05  56.875s/step  grad_norm=0.925191  82.1GiB  rollout/backwards_per_step=4
[12:14:44] INFO    [r0] step 579: loss=0.0310455  lr=1e-05  57.619s/step  grad_norm=0.368724  81.3GiB  rollout/backwards_per_step=4
[12:15:49] INFO    [r0] step 580: loss=0.0140607  lr=1e-05  64.762s/step  grad_norm=0.453717  82.8GiB  rollout/backwards_per_step=4
[12:16:51] INFO    [r0] step 581: loss=0.0303629  lr=1e-05  62.396s/step  grad_norm=1.25379  82.4GiB  rollout/backwards_per_step=4
[12:17:54] INFO    [r0] step 582: loss=0.111089  lr=1e-05  63.268s/step  grad_norm=3.32515  83.0GiB  rollout/backwards_per_step=4
[12:18:47] INFO    [r0] step 583: loss=0.0157195  lr=1e-05  53.209s/step  grad_norm=0.64916  80.8GiB  rollout/backwards_per_step=4
[12:19:25] INFO    [r0] step 584: loss=0.00979384  lr=1e-05  37.892s/step  grad_norm=0.156011  77.1GiB  rollout/backwards_per_step=4
[12:19:54] INFO    [r0] step 585: loss=0.0456452  lr=1e-05  28.642s/step  grad_norm=1.28884  74.2GiB  rollout/backwards_per_step=4
[12:20:59] INFO    [r0] step 586: loss=0.0407812  lr=1e-05  65.354s/step  grad_norm=0.611577  83.2GiB  rollout/backwards_per_step=4
[12:21:37] INFO    [r0] step 587: loss=0.0278568  lr=1e-05  37.917s/step  grad_norm=0.221988  76.9GiB  rollout/backwards_per_step=4
[12:22:15] INFO    [r0] step 588: loss=0.0609428  lr=1e-05  38.001s/step  grad_norm=0.506738  77.2GiB  rollout/backwards_per_step=4
[12:23:26] INFO    [r0] step 589: loss=0.0340063  lr=1e-05  70.394s/step  grad_norm=0.327606  84.2GiB  rollout/backwards_per_step=4
[12:23:52] INFO    [r0] step 590: loss=0.0211673  lr=1e-05  26.771s/step  grad_norm=1.07868  73.6GiB  rollout/backwards_per_step=4
[12:24:18] INFO    [r0] step 591: loss=0.0246877  lr=1e-05  25.235s/step  grad_norm=0.611423  73.1GiB  rollout/backwards_per_step=4
[12:25:12] INFO    [r0] step 592: loss=0.0138926  lr=1e-05  54.217s/step  grad_norm=0.31675  80.4GiB  rollout/backwards_per_step=4
[12:26:04] INFO    [r0] step 593: loss=0.047668  lr=1e-05  52.210s/step  grad_norm=1.54826  80.9GiB  rollout/backwards_per_step=4
[12:26:26] INFO    [r0] step 594: loss=0.0141908  lr=1e-05  22.106s/step  grad_norm=0.286751  72.5GiB  rollout/backwards_per_step=4
[12:27:24] INFO    [r0] step 595: loss=0.00664416  lr=1e-05  57.736s/step  grad_norm=0.0914166  82.0GiB  rollout/backwards_per_step=4
[12:27:46] INFO    [r0] step 596: loss=0.0445714  lr=1e-05  22.040s/step  grad_norm=1.15999  72.8GiB  rollout/backwards_per_step=4
[12:28:13] INFO    [r0] step 597: loss=0.0176759  lr=1e-05  26.857s/step  grad_norm=0.963552  73.6GiB  rollout/backwards_per_step=4
[12:29:16] INFO    [r0] step 598: loss=0.0138697  lr=1e-05  63.257s/step  grad_norm=0.198825  83.1GiB  rollout/backwards_per_step=4
[12:29:57] INFO    [r0] step 599: loss=0.0131583  lr=1e-05  40.894s/step  grad_norm=0.255916  77.8GiB  rollout/backwards_per_step=4
[12:30:25] INFO    [r0] step 600: loss=0.0680428  lr=1e-05  27.747s/step  grad_norm=3.09221  73.9GiB  rollout/backwards_per_step=4
[12:31:20] INFO    [r0] step 601: loss=0.032185  lr=1e-05  55.266s/step  grad_norm=0.74927  81.2GiB  rollout/backwards_per_step=4
[12:31:48] INFO    [r0] step 602: loss=0.010972  lr=1e-05  27.550s/step  grad_norm=0.240646  74.0GiB  rollout/backwards_per_step=4
[12:32:50] INFO    [r0] step 603: loss=0.0504266  lr=1e-05  62.363s/step  grad_norm=0.289839  82.3GiB  rollout/backwards_per_step=4
[12:33:21] INFO    [r0] step 604: loss=0.0100559  lr=1e-05  30.763s/step  grad_norm=0.316006  74.9GiB  rollout/backwards_per_step=4
[12:33:49] INFO    [r0] step 605: loss=0.129225  lr=1e-05  28.106s/step  grad_norm=0.862547  74.2GiB  rollout/backwards_per_step=4
[12:34:15] INFO    [r0] step 606: loss=0.0100336  lr=1e-05  26.762s/step  grad_norm=0.265293  73.5GiB  rollout/backwards_per_step=4
[12:34:42] INFO    [r0] step 607: loss=0.0195947  lr=1e-05  26.861s/step  grad_norm=4.23342  73.6GiB  rollout/backwards_per_step=4
[12:35:28] INFO    [r0] step 608: loss=0.0222918  lr=1e-05  45.758s/step  grad_norm=0.406473  78.6GiB  rollout/backwards_per_step=4
[12:36:15] INFO    [r0] step 609: loss=0.0291744  lr=1e-05  46.712s/step  grad_norm=3.84324  79.1GiB  rollout/backwards_per_step=4
[12:37:08] INFO    [r0] step 610: loss=0.0799803  lr=1e-05  53.196s/step  grad_norm=3.56825  80.8GiB  rollout/backwards_per_step=4
[12:37:36] INFO    [r0] step 611: loss=0.120912  lr=1e-05  27.966s/step  grad_norm=3.40058  74.1GiB  rollout/backwards_per_step=4
[12:38:23] INFO    [r0] step 612: loss=0.0402182  lr=1e-05  47.117s/step  grad_norm=0.650365  78.9GiB  rollout/backwards_per_step=4
[12:39:05] INFO    [r0] step 613: loss=0.0341361  lr=1e-05  41.877s/step  grad_norm=0.261082  77.8GiB  rollout/backwards_per_step=4
[12:39:52] INFO    [r0] step 614: loss=0.0270699  lr=1e-05  46.620s/step  grad_norm=0.638476  79.1GiB  rollout/backwards_per_step=4
[12:40:15] INFO    [r0] step 615: loss=0.0713677  lr=1e-05  23.423s/step  grad_norm=0.951633  72.8GiB  rollout/backwards_per_step=4
[12:40:40] INFO    [r0] step 616: loss=0.119228  lr=1e-05  25.444s/step  grad_norm=12.8524  73.5GiB  rollout/backwards_per_step=4
[12:41:27] INFO    [r0] step 617: loss=0.0448172  lr=1e-05  46.888s/step  grad_norm=10.5771  79.3GiB  rollout/backwards_per_step=4
[12:42:21] INFO    [r0] step 618: loss=0.0524319  lr=1e-05  53.670s/step  grad_norm=0.740656  81.2GiB  rollout/backwards_per_step=4
[12:42:46] INFO    [r0] step 619: loss=0.0458044  lr=1e-05  25.432s/step  grad_norm=1.69175  73.2GiB  rollout/backwards_per_step=4
[12:43:33] INFO    [r0] step 620: loss=0.05732  lr=1e-05  46.543s/step  grad_norm=0.987478  79.1GiB  rollout/backwards_per_step=4
[12:43:58] INFO    [r0] step 621: loss=0.0399766  lr=1e-05  25.401s/step  grad_norm=0.715441  73.3GiB  rollout/backwards_per_step=4
[12:45:02] INFO    [r0] step 622: loss=0.0459852  lr=1e-05  63.218s/step  grad_norm=1.70174  82.9GiB  rollout/backwards_per_step=4
[12:45:57] INFO    [r0] step 623: loss=0.0112048  lr=1e-05  55.106s/step  grad_norm=0.228557  80.8GiB  rollout/backwards_per_step=4
[12:46:20] INFO    [r0] step 624: loss=0.0263146  lr=1e-05  23.672s/step  grad_norm=0.428684  72.9GiB  rollout/backwards_per_step=4
[12:47:05] INFO    [r0] step 625: loss=0.0153065  lr=1e-05  45.020s/step  grad_norm=0.262939  79.0GiB  rollout/backwards_per_step=4
[12:47:33] INFO    [r0] step 626: loss=0.007568  lr=1e-05  27.466s/step  grad_norm=0.23331  74.0GiB  rollout/backwards_per_step=4
[12:48:11] INFO    [r0] step 627: loss=0.0318318  lr=1e-05  37.993s/step  grad_norm=1.90268  77.0GiB  rollout/backwards_per_step=4
[12:49:19] INFO    [r0] step 628: loss=0.0315233  lr=1e-05  68.182s/step  grad_norm=0.792076  83.5GiB  rollout/backwards_per_step=4
[12:50:17] INFO    [r0] step 629: loss=0.0149969  lr=1e-05  57.626s/step  grad_norm=0.329453  81.1GiB  rollout/backwards_per_step=4
[12:51:18] INFO    [r0] step 630: loss=0.0337826  lr=1e-05  61.721s/step  grad_norm=0.562737  82.1GiB  rollout/backwards_per_step=4
[12:52:13] INFO    [r0] step 631: loss=0.0328057  lr=1e-05  55.076s/step  grad_norm=0.271865  80.9GiB  rollout/backwards_per_step=4
[12:53:07] INFO    [r0] step 632: loss=0.0376455  lr=1e-05  53.204s/step  grad_norm=1.23788  80.2GiB  rollout/backwards_per_step=4
[12:53:45] INFO    [r0] step 633: loss=0.0949346  lr=1e-05  37.853s/step  grad_norm=0.658127  77.0GiB  rollout/backwards_per_step=4
[12:54:23] INFO    [r0] step 634: loss=0.032877  lr=1e-05  38.093s/step  grad_norm=0.454905  77.1GiB  rollout/backwards_per_step=4
[12:55:25] INFO    [r0] step 635: loss=0.0256086  lr=1e-05  62.724s/step  grad_norm=0.408148  82.7GiB  rollout/backwards_per_step=4
[12:56:31] INFO    [r0] step 636: loss=0.0184816  lr=1e-05  65.306s/step  grad_norm=1.60434  83.3GiB  rollout/backwards_per_step=4
[12:57:17] INFO    [r0] step 637: loss=0.0216529  lr=1e-05  46.343s/step  grad_norm=0.396947  79.1GiB  rollout/backwards_per_step=4
[12:57:39] INFO    [r0] step 638: loss=0.0328146  lr=1e-05  22.137s/step  grad_norm=2.64848  72.5GiB  rollout/backwards_per_step=4
[12:58:35] INFO    [r0] step 639: loss=0.0267068  lr=1e-05  55.430s/step  grad_norm=0.259331  81.4GiB  rollout/backwards_per_step=4
[12:59:20] INFO    [r0] step 640: loss=0.0489627  lr=1e-05  45.833s/step  grad_norm=1.80314  78.7GiB  rollout/backwards_per_step=4
[12:59:44] INFO    [r0] step 641: loss=0.0316735  lr=1e-05  23.834s/step  grad_norm=0.632964  73.2GiB  rollout/backwards_per_step=4
[13:00:12] INFO    [r0] step 642: loss=0.0315101  lr=1e-05  27.985s/step  grad_norm=0.580771  73.7GiB  rollout/backwards_per_step=4
[13:00:52] INFO    [r0] step 643: loss=0.0175292  lr=1e-05  39.703s/step  grad_norm=0.433393  78.2GiB  rollout/backwards_per_step=4
[13:01:34] INFO    [r0] step 644: loss=0.0603563  lr=1e-05  41.833s/step  grad_norm=1.06939  78.0GiB  rollout/backwards_per_step=4
[13:02:29] INFO    [r0] step 645: loss=0.0646406  lr=1e-05  55.080s/step  grad_norm=3.30003  80.9GiB  rollout/backwards_per_step=4
[13:02:52] INFO    [r0] step 646: loss=0.0609193  lr=1e-05  23.283s/step  grad_norm=1.15713  72.6GiB  rollout/backwards_per_step=4
[13:03:19] INFO    [r0] step 647: loss=0.0385187  lr=1e-05  26.849s/step  grad_norm=0.564578  74.0GiB  rollout/backwards_per_step=4
[13:03:40] INFO    [r0] step 648: loss=0.0230708  lr=1e-05  20.751s/step  grad_norm=0.794545  72.1GiB  rollout/backwards_per_step=4
[13:04:28] INFO    [r0] step 649: loss=0.0164742  lr=1e-05  48.492s/step  grad_norm=0.466195  79.4GiB  rollout/backwards_per_step=4
[13:05:06] INFO    [r0] step 650: loss=0.0345568  lr=1e-05  38.036s/step  grad_norm=0.828327  77.0GiB  rollout/backwards_per_step=4
[13:05:43] INFO    [r0] step 651: loss=0.104414  lr=1e-05  36.284s/step  grad_norm=2.50175  76.9GiB  rollout/backwards_per_step=4
[13:06:27] INFO    [r0] step 652: loss=0.0235562  lr=1e-05  44.267s/step  grad_norm=1.99715  78.8GiB  rollout/backwards_per_step=4
[13:07:13] INFO    [r0] step 653: loss=0.03147  lr=1e-05  45.742s/step  grad_norm=1.34887  78.9GiB  rollout/backwards_per_step=4
[13:08:18] INFO    [r0] step 654: loss=0.0240776  lr=1e-05  65.388s/step  grad_norm=0.212529  83.6GiB  rollout/backwards_per_step=4
[13:09:17] INFO    [r0] step 655: loss=0.0236924  lr=1e-05  58.994s/step  grad_norm=1.22079  82.6GiB  rollout/backwards_per_step=4
[13:10:01] INFO    [r0] step 656: loss=0.0305106  lr=1e-05  44.153s/step  grad_norm=0.205853  78.6GiB  rollout/backwards_per_step=4
[13:10:28] INFO    [r0] step 657: loss=0.0127134  lr=1e-05  27.366s/step  grad_norm=0.116975  73.8GiB  rollout/backwards_per_step=4
[13:10:52] INFO    [r0] step 658: loss=0.0210596  lr=1e-05  23.339s/step  grad_norm=0.504205  72.7GiB  rollout/backwards_per_step=4
[13:11:59] INFO    [r0] step 659: loss=0.0582137  lr=1e-05  67.133s/step  grad_norm=0.903398  83.0GiB  rollout/backwards_per_step=4
[13:12:33] INFO    [r0] step 660: loss=0.0563328  lr=1e-05  34.225s/step  grad_norm=3.77083  76.5GiB  rollout/backwards_per_step=4
[13:13:00] INFO    [r0] step 661: loss=0.108258  lr=1e-05  27.013s/step  grad_norm=1.38095  73.9GiB  rollout/backwards_per_step=4
[13:13:32] INFO    [r0] step 662: loss=0.0349903  lr=1e-05  32.292s/step  grad_norm=0.70622  75.2GiB  rollout/backwards_per_step=4
[13:14:01] INFO    [r0] step 663: loss=0.0414284  lr=1e-05  28.651s/step  grad_norm=1.63362  74.2GiB  rollout/backwards_per_step=4
[13:14:29] INFO    [r0] step 664: loss=0.0293298  lr=1e-05  28.146s/step  grad_norm=0.595958  74.0GiB  rollout/backwards_per_step=4
[13:15:08] INFO    [r0] step 665: loss=0.0235589  lr=1e-05  38.734s/step  grad_norm=0.248856  76.8GiB  rollout/backwards_per_step=4
[13:15:30] INFO    [r0] step 666: loss=0.015141  lr=1e-05  22.013s/step  grad_norm=0.985555  72.3GiB  rollout/backwards_per_step=4
[13:16:11] INFO    [r0] step 667: loss=0.0135831  lr=1e-05  40.660s/step  grad_norm=0.615021  78.5GiB  rollout/backwards_per_step=4
[13:16:46] INFO    [r0] step 668: loss=0.0270316  lr=1e-05  34.917s/step  grad_norm=0.328886  76.5GiB  rollout/backwards_per_step=4
[13:17:11] INFO    [r0] step 669: loss=0.00902267  lr=1e-05  25.657s/step  grad_norm=0.136083  73.5GiB  rollout/backwards_per_step=4
[13:17:37] INFO    [r0] step 670: loss=0.114287  lr=1e-05  25.395s/step  grad_norm=3.08967  73.3GiB  rollout/backwards_per_step=4
[13:18:25] INFO    [r0] step 671: loss=0.021898  lr=1e-05  48.449s/step  grad_norm=0.449581  79.3GiB  rollout/backwards_per_step=4
[13:18:52] INFO    [r0] step 672: loss=0.014584  lr=1e-05  26.547s/step  grad_norm=0.456103  73.6GiB  rollout/backwards_per_step=4
[13:19:32] INFO    [r0] step 673: loss=0.019782  lr=1e-05  40.173s/step  grad_norm=0.509023  77.4GiB  rollout/backwards_per_step=4
[13:19:51] INFO    [r0] step 674: loss=0.027012  lr=1e-05  19.560s/step  grad_norm=1.1245  72.1GiB  rollout/backwards_per_step=4
[13:20:17] INFO    [r0] step 675: loss=0.0197861  lr=1e-05  25.422s/step  grad_norm=0.508998  73.3GiB  rollout/backwards_per_step=4
[13:20:57] INFO    [r0] step 676: loss=0.0164864  lr=1e-05  40.480s/step  grad_norm=1.18331  77.6GiB  rollout/backwards_per_step=4
[13:21:21] INFO    [r0] step 677: loss=0.0196317  lr=1e-05  23.319s/step  grad_norm=0.452792  72.7GiB  rollout/backwards_per_step=4
[13:21:47] INFO    [r0] step 678: loss=0.0291436  lr=1e-05  26.357s/step  grad_norm=0.411199  73.6GiB  rollout/backwards_per_step=4
[13:22:55] INFO    [r0] step 679: loss=0.0430506  lr=1e-05  68.296s/step  grad_norm=2.55231  83.7GiB  rollout/backwards_per_step=4
[13:24:03] INFO    [r0] step 680: loss=0.015332  lr=1e-05  67.992s/step  grad_norm=0.995298  83.4GiB  rollout/backwards_per_step=4
[13:24:30] INFO    [r0] step 681: loss=0.0222722  lr=1e-05  26.473s/step  grad_norm=0.207233  73.8GiB  rollout/backwards_per_step=4
[13:24:56] INFO    [r0] step 682: loss=0.0341722  lr=1e-05  26.529s/step  grad_norm=1.59193  73.4GiB  rollout/backwards_per_step=4
[13:25:19] INFO    [r0] step 683: loss=0.0846717  lr=1e-05  22.461s/step  grad_norm=2.0753  72.8GiB  rollout/backwards_per_step=4
[13:26:14] INFO    [r0] step 684: loss=0.0310259  lr=1e-05  55.761s/step  grad_norm=1.65942  81.0GiB  rollout/backwards_per_step=4
[13:26:41] INFO    [r0] step 685: loss=0.0198764  lr=1e-05  26.759s/step  grad_norm=0.335195  73.6GiB  rollout/backwards_per_step=4
[13:27:25] INFO    [r0] step 686: loss=0.0160964  lr=1e-05  44.207s/step  grad_norm=0.257464  78.6GiB  rollout/backwards_per_step=4
[13:28:01] INFO    [r0] step 687: loss=0.101421  lr=1e-05  35.821s/step  grad_norm=80.5898  76.4GiB  rollout/backwards_per_step=4
[13:28:51] INFO    [r0] step 688: loss=0.0322133  lr=1e-05  50.053s/step  grad_norm=0.814871  79.2GiB  rollout/backwards_per_step=4
[13:29:35] INFO    [r0] step 689: loss=0.0640736  lr=1e-05  44.175s/step  grad_norm=1.87726  78.6GiB  rollout/backwards_per_step=4
[13:30:01] INFO    [r0] step 690: loss=0.0633721  lr=1e-05  25.625s/step  grad_norm=0.819299  73.5GiB  rollout/backwards_per_step=4
[13:31:06] INFO    [r0] step 691: loss=0.0299206  lr=1e-05  64.963s/step  grad_norm=1.27661  82.9GiB  rollout/backwards_per_step=4
[13:31:52] INFO    [r0] step 692: loss=0.0300015  lr=1e-05  45.628s/step  grad_norm=0.653429  78.7GiB  rollout/backwards_per_step=4
[13:32:17] INFO    [r0] step 693: loss=0.0221256  lr=1e-05  25.425s/step  grad_norm=0.515966  73.3GiB  rollout/backwards_per_step=4
[13:33:12] INFO    [r0] step 694: loss=0.147023  lr=1e-05  54.377s/step  grad_norm=10.2886  80.6GiB  rollout/backwards_per_step=4
[13:33:37] INFO    [r0] step 695: loss=0.0274213  lr=1e-05  25.380s/step  grad_norm=0.609222  73.3GiB  rollout/backwards_per_step=4
[13:34:04] INFO    [r0] step 696: loss=0.0395697  lr=1e-05  27.383s/step  grad_norm=0.343472  74.1GiB  rollout/backwards_per_step=4
[13:34:30] INFO    [r0] step 697: loss=0.0609469  lr=1e-05  25.246s/step  grad_norm=0.939195  73.1GiB  rollout/backwards_per_step=4
[13:34:53] INFO    [r0] step 698: loss=0.0523623  lr=1e-05  23.401s/step  grad_norm=2.67835  72.7GiB  rollout/backwards_per_step=4
[13:35:39] INFO    [r0] step 699: loss=0.0221022  lr=1e-05  45.885s/step  grad_norm=0.298155  78.8GiB  rollout/backwards_per_step=4
[13:36:12] INFO    [r0] step 700: loss=0.0177801  lr=1e-05  33.259s/step  grad_norm=0.768961  75.2GiB  rollout/backwards_per_step=4
[13:36:39] INFO    [r0] step 701: loss=0.0165988  lr=1e-05  26.874s/step  grad_norm=1.63485  73.6GiB  rollout/backwards_per_step=4
[13:37:07] INFO    [r0] step 702: loss=0.0497328  lr=1e-05  28.225s/step  grad_norm=1.42162  74.9GiB  rollout/backwards_per_step=4
[13:37:37] INFO    [r0] step 703: loss=0.0237779  lr=1e-05  29.906s/step  grad_norm=0.828388  74.5GiB  rollout/backwards_per_step=4
[13:38:01] INFO    [r0] step 704: loss=0.0590812  lr=1e-05  24.375s/step  grad_norm=3.37628  73.1GiB  rollout/backwards_per_step=4
[13:38:23] INFO    [r0] step 705: loss=0.105313  lr=1e-05  21.383s/step  grad_norm=0.479683  72.2GiB  rollout/backwards_per_step=4
[13:39:28] INFO    [r0] step 706: loss=0.0137359  lr=1e-05  65.404s/step  grad_norm=0.201911  83.5GiB  rollout/backwards_per_step=4
[13:40:15] INFO    [r0] step 707: loss=0.0154703  lr=1e-05  46.985s/step  grad_norm=3.43466  79.6GiB  rollout/backwards_per_step=4
[13:40:45] INFO    [r0] step 708: loss=0.0351779  lr=1e-05  30.149s/step  grad_norm=0.639699  74.8GiB  rollout/backwards_per_step=4
[13:41:11] INFO    [r0] step 709: loss=0.0193379  lr=1e-05  25.441s/step  grad_norm=0.359961  73.4GiB  rollout/backwards_per_step=4
[13:42:06] INFO    [r0] step 710: loss=0.0347688  lr=1e-05  55.181s/step  grad_norm=0.715517  81.0GiB  rollout/backwards_per_step=4
[13:42:42] INFO    [r0] step 711: loss=0.016098  lr=1e-05  35.809s/step  grad_norm=0.650558  76.3GiB  rollout/backwards_per_step=4
[13:43:29] INFO    [r0] step 712: loss=0.0221282  lr=1e-05  47.221s/step  grad_norm=0.517631  79.9GiB  rollout/backwards_per_step=4
[13:44:32] INFO    [r0] step 713: loss=0.0337946  lr=1e-05  62.686s/step  grad_norm=0.976429  82.8GiB  rollout/backwards_per_step=4
[13:45:08] INFO    [r0] step 714: loss=0.0265931  lr=1e-05  36.020s/step  grad_norm=1.06242  76.5GiB  rollout/backwards_per_step=4
[13:45:42] INFO    [r0] step 715: loss=0.0185798  lr=1e-05  34.537s/step  grad_norm=0.830923  75.9GiB  rollout/backwards_per_step=4
[13:46:29] INFO    [r0] step 716: loss=0.0164045  lr=1e-05  46.950s/step  grad_norm=0.920908  79.6GiB  rollout/backwards_per_step=4
[13:46:56] INFO    [r0] step 717: loss=0.0103607  lr=1e-05  26.840s/step  grad_norm=0.112274  73.5GiB  rollout/backwards_per_step=4
[13:47:55] INFO    [r0] step 718: loss=0.0627423  lr=1e-05  59.404s/step  grad_norm=1.12731  81.7GiB  rollout/backwards_per_step=4
[13:48:21] INFO    [r0] step 719: loss=0.0265798  lr=1e-05  25.300s/step  grad_norm=0.533683  73.1GiB  rollout/backwards_per_step=4
[13:49:02] INFO    [r0] step 720: loss=0.0921897  lr=1e-05  41.004s/step  grad_norm=1.10056  77.6GiB  rollout/backwards_per_step=4
[13:49:25] INFO    [r0] step 721: loss=0.109386  lr=1e-05  23.677s/step  grad_norm=1.33321  73.1GiB  rollout/backwards_per_step=4
[13:50:34] INFO    [r0] step 722: loss=0.0234611  lr=1e-05  68.321s/step  grad_norm=0.760733  83.8GiB  rollout/backwards_per_step=4
[13:51:24] INFO    [r0] step 723: loss=0.133087  lr=1e-05  50.142s/step  grad_norm=16.7279  79.7GiB  rollout/backwards_per_step=4
[13:52:19] INFO    [r0] step 724: loss=0.0424653  lr=1e-05  54.997s/step  grad_norm=0.528036  80.8GiB  rollout/backwards_per_step=4
[13:53:15] INFO    [r0] step 725: loss=0.031518  lr=1e-05  55.635s/step  grad_norm=0.552104  81.4GiB  rollout/backwards_per_step=4
[13:53:41] INFO    [r0] step 726: loss=0.0141313  lr=1e-05  26.850s/step  grad_norm=0.538841  73.6GiB  rollout/backwards_per_step=4
[13:54:27] INFO    [r0] step 727: loss=0.0268829  lr=1e-05  45.979s/step  grad_norm=0.513268  78.9GiB  rollout/backwards_per_step=4
[13:55:25] INFO    [r0] step 728: loss=0.0170849  lr=1e-05  58.090s/step  grad_norm=0.163715  82.0GiB  rollout/backwards_per_step=4
[13:55:51] INFO    [r0] step 729: loss=0.0598014  lr=1e-05  25.486s/step  grad_norm=0.643617  73.4GiB  rollout/backwards_per_step=4
[13:56:31] INFO    [r0] step 730: loss=0.0161562  lr=1e-05  40.434s/step  grad_norm=0.630622  77.6GiB  rollout/backwards_per_step=4
[13:56:58] INFO    [r0] step 731: loss=0.0827836  lr=1e-05  27.007s/step  grad_norm=0.926793  73.8GiB  rollout/backwards_per_step=4
[13:57:22] INFO    [r0] step 732: loss=0.188034  lr=1e-05  23.369s/step  grad_norm=2.32685  72.7GiB  rollout/backwards_per_step=4
[13:58:20] INFO    [r0] step 733: loss=0.0425824  lr=1e-05  57.826s/step  grad_norm=0.34343  81.6GiB  rollout/backwards_per_step=4
[13:59:23] INFO    [r0] step 734: loss=0.0329466  lr=1e-05  63.667s/step  grad_norm=0.779923  83.0GiB  rollout/backwards_per_step=4
[14:00:29] INFO    [r0] step 735: loss=0.0234971  lr=1e-05  66.059s/step  grad_norm=0.753872  83.5GiB  rollout/backwards_per_step=4
[14:01:10] INFO    [r0] step 736: loss=0.014889  lr=1e-05  40.229s/step  grad_norm=0.429929  77.3GiB  rollout/backwards_per_step=4
[14:01:36] INFO    [r0] step 737: loss=0.0670977  lr=1e-05  26.522s/step  grad_norm=0.432326  73.7GiB  rollout/backwards_per_step=4
[14:02:18] INFO    [r0] step 738: loss=0.0621404  lr=1e-05  41.669s/step  grad_norm=1.26808  77.6GiB  rollout/backwards_per_step=4
[14:02:54] INFO    [r0] step 739: loss=0.0454746  lr=1e-05  35.814s/step  grad_norm=0.968045  76.3GiB  rollout/backwards_per_step=4
[14:03:47] INFO    [r0] step 740: loss=0.0484608  lr=1e-05  53.386s/step  grad_norm=1.05866  80.8GiB  rollout/backwards_per_step=4
[14:04:34] INFO    [r0] step 741: loss=0.0203628  lr=1e-05  46.686s/step  grad_norm=0.303735  79.5GiB  rollout/backwards_per_step=4
[14:05:06] INFO    [r0] step 742: loss=0.0206822  lr=1e-05  32.823s/step  grad_norm=0.417087  75.6GiB  rollout/backwards_per_step=4
[14:06:19] INFO    [r0] step 743: loss=0.0298465  lr=1e-05  72.537s/step  grad_norm=0.990747  84.3GiB  rollout/backwards_per_step=4
[14:07:09] INFO    [r0] step 744: loss=0.03346  lr=1e-05  50.365s/step  grad_norm=0.877739  79.9GiB  rollout/backwards_per_step=4
[14:07:58] INFO    [r0] step 745: loss=0.0222616  lr=1e-05  49.065s/step  grad_norm=0.351642  79.8GiB  rollout/backwards_per_step=4
[14:08:18] INFO    [r0] step 746: loss=0.00821604  lr=1e-05  19.365s/step  grad_norm=0.111836  71.5GiB  rollout/backwards_per_step=4
[14:09:23] INFO    [r0] step 747: loss=0.0582007  lr=1e-05  64.922s/step  grad_norm=0.520729  83.2GiB  rollout/backwards_per_step=4
[14:10:15] INFO    [r0] step 748: loss=0.054057  lr=1e-05  51.806s/step  grad_norm=0.844376  80.5GiB  rollout/backwards_per_step=4
[14:10:48] INFO    [r0] step 749: loss=0.0750107  lr=1e-05  33.733s/step  grad_norm=1.40077  76.1GiB  rollout/backwards_per_step=4
[14:11:12] INFO    [r0] step 750: loss=0.0627926  lr=1e-05  23.838s/step  grad_norm=0.622913  73.1GiB  rollout/backwards_per_step=4
[14:11:35] INFO    [r0] step 751: loss=0.0159042  lr=1e-05  23.354s/step  grad_norm=0.281618  72.8GiB  rollout/backwards_per_step=4
[14:12:29] INFO    [r0] step 752: loss=0.0522734  lr=1e-05  53.942s/step  grad_norm=0.462982  81.3GiB  rollout/backwards_per_step=4
[14:13:41] INFO    [r0] step 753: loss=0.122223  lr=1e-05  71.501s/step  grad_norm=1.11513  83.5GiB  rollout/backwards_per_step=4
[14:14:30] INFO    [r0] step 754: loss=0.106311  lr=1e-05  48.959s/step  grad_norm=5.48416  79.7GiB  rollout/backwards_per_step=4
[14:15:23] INFO    [r0] step 755: loss=0.0766532  lr=1e-05  53.364s/step  grad_norm=2.74261  81.0GiB  rollout/backwards_per_step=4
[14:15:59] INFO    [r0] step 756: loss=0.0172275  lr=1e-05  36.218s/step  grad_norm=1.32245  76.7GiB  rollout/backwards_per_step=4
[14:16:57] INFO    [r0] step 757: loss=0.0551752  lr=1e-05  57.698s/step  grad_norm=4.34535  81.4GiB  rollout/backwards_per_step=4
[14:17:19] INFO    [r0] step 758: loss=0.117318  lr=1e-05  22.085s/step  grad_norm=18.4481  72.4GiB  rollout/backwards_per_step=4
[14:18:14] INFO    [r0] step 759: loss=0.0163915  lr=1e-05  54.430s/step  grad_norm=0.303392  80.5GiB  rollout/backwards_per_step=4
[14:18:52] INFO    [r0] step 760: loss=0.0691153  lr=1e-05  38.016s/step  grad_norm=1.72084  77.2GiB  rollout/backwards_per_step=4
[14:19:54] INFO    [r0] step 761: loss=0.0677814  lr=1e-05  62.434s/step  grad_norm=0.411457  82.4GiB  rollout/backwards_per_step=4
[14:20:56] INFO    [r0] step 762: loss=0.0227446  lr=1e-05  62.355s/step  grad_norm=0.857547  82.3GiB  rollout/backwards_per_step=4
[14:21:44] INFO    [r0] step 763: loss=0.032706  lr=1e-05  47.154s/step  grad_norm=1.00529  79.6GiB  rollout/backwards_per_step=4
[14:22:30] INFO    [r0] step 764: loss=0.0628674  lr=1e-05  45.897s/step  grad_norm=8.20968  79.1GiB  rollout/backwards_per_step=4
[14:23:32] INFO    [r0] step 765: loss=0.0766782  lr=1e-05  62.432s/step  grad_norm=1.28168  82.3GiB  rollout/backwards_per_step=4
[14:24:13] INFO    [r0] step 766: loss=0.00993716  lr=1e-05  41.002s/step  grad_norm=0.209677  77.1GiB  rollout/backwards_per_step=4
[14:24:38] INFO    [r0] step 767: loss=0.0543499  lr=1e-05  25.011s/step  grad_norm=1.23971  73.4GiB  rollout/backwards_per_step=4
[14:25:04] INFO    [r0] step 768: loss=0.0358164  lr=1e-05  26.498s/step  grad_norm=1.9805  73.4GiB  rollout/backwards_per_step=4
[14:25:37] INFO    [r0] step 769: loss=0.0417003  lr=1e-05  32.804s/step  grad_norm=0.405495  75.6GiB  rollout/backwards_per_step=4
[14:26:46] INFO    [r0] step 770: loss=0.0128006  lr=1e-05  68.370s/step  grad_norm=0.484024  83.9GiB  rollout/backwards_per_step=4
[14:27:13] INFO    [r0] step 771: loss=0.0252942  lr=1e-05  27.119s/step  grad_norm=0.272024  73.6GiB  rollout/backwards_per_step=4
[14:28:17] INFO    [r0] step 772: loss=0.0640472  lr=1e-05  63.766s/step  grad_norm=3.32485  82.5GiB  rollout/backwards_per_step=4
[14:29:12] INFO    [r0] step 773: loss=0.353096  lr=1e-05  55.595s/step  grad_norm=2.36043  81.9GiB  rollout/backwards_per_step=4
[14:29:56] INFO    [r0] step 774: loss=0.0174357  lr=1e-05  44.313s/step  grad_norm=0.571434  78.7GiB  rollout/backwards_per_step=4
[14:30:59] INFO    [r0] step 775: loss=0.0291434  lr=1e-05  62.790s/step  grad_norm=1.49002  82.7GiB  rollout/backwards_per_step=4
[14:31:52] INFO    [r0] step 776: loss=0.0758484  lr=1e-05  53.181s/step  grad_norm=4.01853  80.8GiB  rollout/backwards_per_step=4
[14:32:41] INFO    [r0] step 777: loss=0.0220784  lr=1e-05  48.276s/step  grad_norm=0.313278  79.0GiB  rollout/backwards_per_step=4
[14:33:21] INFO    [r0] step 778: loss=0.0315066  lr=1e-05  39.987s/step  grad_norm=0.398182  77.8GiB  rollout/backwards_per_step=4
[14:34:26] INFO    [r0] step 779: loss=0.0225066  lr=1e-05  65.054s/step  grad_norm=0.774736  83.2GiB  rollout/backwards_per_step=4
[14:35:24] INFO    [r0] step 780: loss=0.0477013  lr=1e-05  58.634s/step  grad_norm=0.574951  81.9GiB  rollout/backwards_per_step=4
[14:36:18] INFO    [r0] step 781: loss=0.0637918  lr=1e-05  53.437s/step  grad_norm=0.597963  80.9GiB  rollout/backwards_per_step=4
[14:36:56] INFO    [r0] step 782: loss=0.127965  lr=1e-05  38.211s/step  grad_norm=3.66217  77.1GiB  rollout/backwards_per_step=4
[14:37:34] INFO    [r0] step 783: loss=0.205097  lr=1e-05  38.006s/step  grad_norm=4.15482  77.1GiB  rollout/backwards_per_step=4
[14:37:59] INFO    [r0] step 784: loss=0.0408999  lr=1e-05  25.020s/step  grad_norm=1.27911  73.4GiB  rollout/backwards_per_step=4
[14:38:51] INFO    [r0] step 785: loss=0.0156329  lr=1e-05  52.477s/step  grad_norm=0.164587  80.5GiB  rollout/backwards_per_step=4
[14:39:27] INFO    [r0] step 786: loss=0.0385094  lr=1e-05  35.795s/step  grad_norm=0.442124  76.3GiB  rollout/backwards_per_step=4
[14:40:23] INFO    [r0] step 787: loss=0.0729865  lr=1e-05  55.238s/step  grad_norm=1.46521  81.0GiB  rollout/backwards_per_step=4
[14:40:45] INFO    [r0] step 788: loss=0.182806  lr=1e-05  22.427s/step  grad_norm=2.57136  72.7GiB  rollout/backwards_per_step=4
[14:41:31] INFO    [r0] step 789: loss=0.00960875  lr=1e-05  45.866s/step  grad_norm=0.157282  79.0GiB  rollout/backwards_per_step=4
[14:41:53] INFO    [r0] step 790: loss=0.0507315  lr=1e-05  22.029s/step  grad_norm=0.437318  72.3GiB  rollout/backwards_per_step=4
[14:43:00] INFO    [r0] step 791: loss=0.0844427  lr=1e-05  67.587s/step  grad_norm=2.22084  83.2GiB  rollout/backwards_per_step=4
[14:43:23] INFO    [r0] step 792: loss=0.13494  lr=1e-05  22.145s/step  grad_norm=0.729406  72.6GiB  rollout/backwards_per_step=4
[14:43:59] INFO    [r0] step 793: loss=0.0392644  lr=1e-05  35.984s/step  grad_norm=1.09313  76.4GiB  rollout/backwards_per_step=4
[14:44:52] INFO    [r0] step 794: loss=0.041431  lr=1e-05  53.188s/step  grad_norm=0.573689  80.6GiB  rollout/backwards_per_step=4
[14:45:59] INFO    [r0] step 795: loss=0.0213283  lr=1e-05  67.429s/step  grad_norm=0.562773  83.1GiB  rollout/backwards_per_step=4
[14:46:32] INFO    [r0] step 796: loss=0.0718199  lr=1e-05  32.535s/step  grad_norm=0.608686  75.5GiB  rollout/backwards_per_step=4
[14:47:27] INFO    [r0] step 797: loss=0.149971  lr=1e-05  55.008s/step  grad_norm=0.758611  81.1GiB  rollout/backwards_per_step=4
[14:47:55] INFO    [r0] step 798: loss=0.0287874  lr=1e-05  28.184s/step  grad_norm=0.765865  73.9GiB  rollout/backwards_per_step=4
[14:48:21] INFO    [r0] step 799: loss=0.014338  lr=1e-05  26.534s/step  grad_norm=0.560508  73.4GiB  rollout/backwards_per_step=4
[14:48:57] INFO    [r0] step 800: loss=0.0467046  lr=1e-05  35.549s/step  grad_norm=0.57475  75.9GiB  rollout/backwards_per_step=4
[14:49:18] INFO    [r0] saved /mnt/shared/lihaoran/ssd/framework/anorak-dflow/ckps/krea2-tryon-DOPSD/step_0000800
[14:53:38] INFO    [r0] preview: 10 case(s) (student | phase-1) step 800 -> /mnt/shared/lihaoran/ssd/framework/anorak-dflow/demo/2026-09-12/144918-000800
[14:54:05] INFO    [r0] step 801: loss=0.0238418  lr=1e-05  27.067s/step  grad_norm=0.563721  73.7GiB  rollout/backwards_per_step=4
[14:54:32] INFO    [r0] step 802: loss=0.0230912  lr=1e-05  27.015s/step  grad_norm=0.470509  73.6GiB  rollout/backwards_per_step=4
[14:55:28] INFO    [r0] step 803: loss=0.0431586  lr=1e-05  55.866s/step  grad_norm=0.274817  81.9GiB  rollout/backwards_per_step=4
[14:56:33] INFO    [r0] step 804: loss=0.145253  lr=1e-05  64.474s/step  grad_norm=1.95916  82.5GiB  rollout/backwards_per_step=4
[14:57:02] INFO    [r0] step 805: loss=0.0499004  lr=1e-05  28.888s/step  grad_norm=3.10991  74.4GiB  rollout/backwards_per_step=4
[14:58:08] INFO    [r0] step 806: loss=0.0510018  lr=1e-05  66.054s/step  grad_norm=2.60479  83.6GiB  rollout/backwards_per_step=4
[14:59:13] INFO    [r0] step 807: loss=0.0944246  lr=1e-05  65.235s/step  grad_norm=1.71392  83.0GiB  rollout/backwards_per_step=4
[15:00:10] INFO    [r0] step 808: loss=0.0271615  lr=1e-05  57.095s/step  grad_norm=1.53018  81.7GiB  rollout/backwards_per_step=4
[15:00:40] INFO    [r0] step 809: loss=0.0146238  lr=1e-05  30.142s/step  grad_norm=0.514991  74.7GiB  rollout/backwards_per_step=4
[15:01:43] INFO    [r0] step 810: loss=0.0612539  lr=1e-05  62.696s/step  grad_norm=0.520267  82.8GiB  rollout/backwards_per_step=4
[15:02:07] INFO    [r0] step 811: loss=0.116813  lr=1e-05  23.727s/step  grad_norm=1.20118  73.0GiB  rollout/backwards_per_step=4
[15:02:34] INFO    [r0] step 812: loss=0.0524848  lr=1e-05  27.417s/step  grad_norm=0.835103  74.1GiB  rollout/backwards_per_step=4
[15:03:27] INFO    [r0] step 813: loss=0.048593  lr=1e-05  53.338s/step  grad_norm=0.45948  81.0GiB  rollout/backwards_per_step=4
[15:04:32] INFO    [r0] step 814: loss=0.0675909  lr=1e-05  64.867s/step  grad_norm=2.08758  83.0GiB  rollout/backwards_per_step=4
[15:05:04] INFO    [r0] step 815: loss=0.0248412  lr=1e-05  31.960s/step  grad_norm=1.0979  75.7GiB  rollout/backwards_per_step=4
[15:05:51] INFO    [r0] step 816: loss=0.0323422  lr=1e-05  47.234s/step  grad_norm=0.369563  79.3GiB  rollout/backwards_per_step=4
[15:06:44] INFO    [r0] step 817: loss=0.0282387  lr=1e-05  52.473s/step  grad_norm=0.165902  80.1GiB  rollout/backwards_per_step=4
[15:07:37] INFO    [r0] step 818: loss=0.0263536  lr=1e-05  53.247s/step  grad_norm=1.12693  80.7GiB  rollout/backwards_per_step=4
[15:08:03] INFO    [r0] step 819: loss=0.0717998  lr=1e-05  25.462s/step  grad_norm=1.97106  73.4GiB  rollout/backwards_per_step=4
[15:08:45] INFO    [r0] step 820: loss=0.0259986  lr=1e-05  41.846s/step  grad_norm=0.335677  77.6GiB  rollout/backwards_per_step=4
[15:09:07] INFO    [r0] step 821: loss=0.0367514  lr=1e-05  22.158s/step  grad_norm=1.05813  72.7GiB  rollout/backwards_per_step=4
[15:09:43] INFO    [r0] step 822: loss=0.0390286  lr=1e-05  36.072s/step  grad_norm=1.50484  76.5GiB  rollout/backwards_per_step=4
[15:10:08] INFO    [r0] step 823: loss=0.0345294  lr=1e-05  25.429s/step  grad_norm=0.326721  73.4GiB  rollout/backwards_per_step=4
[15:11:01] INFO    [r0] step 824: loss=0.0232784  lr=1e-05  53.194s/step  grad_norm=0.511711  80.7GiB  rollout/backwards_per_step=4
[15:11:42] INFO    [r0] step 825: loss=0.180549  lr=1e-05  40.794s/step  grad_norm=2.89554  77.9GiB  rollout/backwards_per_step=4
[15:12:33] INFO    [r0] step 826: loss=0.0246723  lr=1e-05  50.747s/step  grad_norm=0.454297  80.1GiB  rollout/backwards_per_step=4
[15:12:58] INFO    [r0] step 827: loss=0.145768  lr=1e-05  25.541s/step  grad_norm=1.23681  73.5GiB  rollout/backwards_per_step=4
[15:13:42] INFO    [r0] step 828: loss=0.0280696  lr=1e-05  43.829s/step  grad_norm=0.618372  78.2GiB  rollout/backwards_per_step=4
[15:14:06] INFO    [r0] step 829: loss=0.0364008  lr=1e-05  23.972s/step  grad_norm=0.321683  73.4GiB  rollout/backwards_per_step=4
[15:14:33] INFO    [r0] step 830: loss=0.0759114  lr=1e-05  26.649s/step  grad_norm=3.26945  73.4GiB  rollout/backwards_per_step=4
[15:15:07] INFO    [r0] step 831: loss=0.0186609  lr=1e-05  34.249s/step  grad_norm=0.994052  75.5GiB  rollout/backwards_per_step=4
[15:15:31] INFO    [r0] step 832: loss=0.0894352  lr=1e-05  23.692s/step  grad_norm=1.2541  73.1GiB  rollout/backwards_per_step=4
[15:16:09] INFO    [r0] step 833: loss=0.0494513  lr=1e-05  37.873s/step  grad_norm=0.878839  76.8GiB  rollout/backwards_per_step=4
[15:16:36] INFO    [r0] step 834: loss=0.00814809  lr=1e-05  26.988s/step  grad_norm=0.207836  73.9GiB  rollout/backwards_per_step=4
[15:17:02] INFO    [r0] step 835: loss=0.0166995  lr=1e-05  26.773s/step  grad_norm=0.278509  73.7GiB  rollout/backwards_per_step=4
[15:17:56] INFO    [r0] step 836: loss=0.0699298  lr=1e-05  53.093s/step  grad_norm=0.883705  80.6GiB  rollout/backwards_per_step=4
[15:18:48] INFO    [r0] step 837: loss=0.0250374  lr=1e-05  52.685s/step  grad_norm=0.281517  80.4GiB  rollout/backwards_per_step=4
[15:19:41] INFO    [r0] step 838: loss=0.0718084  lr=1e-05  53.194s/step  grad_norm=0.927415  80.6GiB  rollout/backwards_per_step=4
[15:20:11] INFO    [r0] step 839: loss=0.00847236  lr=1e-05  29.166s/step  grad_norm=0.279147  75.1GiB  rollout/backwards_per_step=4
[15:20:36] INFO    [r0] step 840: loss=0.0855184  lr=1e-05  25.424s/step  grad_norm=1.83799  73.3GiB  rollout/backwards_per_step=4
[15:21:22] INFO    [r0] step 841: loss=0.00994445  lr=1e-05  45.937s/step  grad_norm=0.351211  78.9GiB  rollout/backwards_per_step=4
[15:21:48] INFO    [r0] step 842: loss=0.0440764  lr=1e-05  25.583s/step  grad_norm=0.746406  73.6GiB  rollout/backwards_per_step=4
[15:22:33] INFO    [r0] step 843: loss=0.0298437  lr=1e-05  45.832s/step  grad_norm=0.665882  78.8GiB  rollout/backwards_per_step=4
[15:23:35] INFO    [r0] step 844: loss=0.0373984  lr=1e-05  61.683s/step  grad_norm=0.280379  82.2GiB  rollout/backwards_per_step=4
[15:24:11] INFO    [r0] step 845: loss=0.0226715  lr=1e-05  35.610s/step  grad_norm=0.345779  76.2GiB  rollout/backwards_per_step=4
[15:24:38] INFO    [r0] step 846: loss=0.119193  lr=1e-05  27.017s/step  grad_norm=2.36853  73.5GiB  rollout/backwards_per_step=4
[15:25:00] INFO    [r0] step 847: loss=0.0557867  lr=1e-05  22.460s/step  grad_norm=0.498062  72.8GiB  rollout/backwards_per_step=4
[15:25:27] INFO    [r0] step 848: loss=0.0426781  lr=1e-05  26.909s/step  grad_norm=2.18589  73.8GiB  rollout/backwards_per_step=4
[15:25:51] INFO    [r0] step 849: loss=0.0386539  lr=1e-05  23.894s/step  grad_norm=0.331986  73.3GiB  rollout/backwards_per_step=4
[15:26:55] INFO    [r0] step 850: loss=0.0344555  lr=1e-05  64.443s/step  grad_norm=0.54541  82.5GiB  rollout/backwards_per_step=4
[15:27:36] INFO    [r0] step 851: loss=0.0131694  lr=1e-05  40.741s/step  grad_norm=0.447788  77.8GiB  rollout/backwards_per_step=4
[15:28:02] INFO    [r0] step 852: loss=0.0705471  lr=1e-05  25.532s/step  grad_norm=2.01919  73.4GiB  rollout/backwards_per_step=4
[15:28:24] INFO    [r0] step 853: loss=0.0500179  lr=1e-05  22.127s/step  grad_norm=0.925234  72.5GiB  rollout/backwards_per_step=4
[15:29:04] INFO    [r0] step 854: loss=0.0166219  lr=1e-05  40.462s/step  grad_norm=0.325764  77.6GiB  rollout/backwards_per_step=4
[15:29:28] INFO    [r0] step 855: loss=0.0317306  lr=1e-05  23.898s/step  grad_norm=0.259186  73.4GiB  rollout/backwards_per_step=4
[15:30:25] INFO    [r0] step 856: loss=0.0180442  lr=1e-05  57.271s/step  grad_norm=0.530987  81.2GiB  rollout/backwards_per_step=4
[15:30:47] INFO    [r0] step 857: loss=0.0172151  lr=1e-05  22.000s/step  grad_norm=0.633957  72.3GiB  rollout/backwards_per_step=4
[15:31:21] INFO    [r0] step 858: loss=0.0254152  lr=1e-05  33.558s/step  grad_norm=0.545809  75.4GiB  rollout/backwards_per_step=4
[15:32:07] INFO    [r0] step 859: loss=0.0277484  lr=1e-05  45.804s/step  grad_norm=0.796324  78.8GiB  rollout/backwards_per_step=4
[15:33:02] INFO    [r0] step 860: loss=0.0456378  lr=1e-05  55.286s/step  grad_norm=0.797369  81.2GiB  rollout/backwards_per_step=4
[15:33:29] INFO    [r0] step 861: loss=0.0583552  lr=1e-05  27.057s/step  grad_norm=2.11186  73.6GiB  rollout/backwards_per_step=4
[15:34:14] INFO    [r0] step 862: loss=0.0652302  lr=1e-05  44.919s/step  grad_norm=0.886799  79.0GiB  rollout/backwards_per_step=4
[15:34:45] INFO    [r0] step 863: loss=0.0240401  lr=1e-05  30.690s/step  grad_norm=0.41243  75.4GiB  rollout/backwards_per_step=4
[15:35:30] INFO    [r0] step 864: loss=0.0576093  lr=1e-05  45.667s/step  grad_norm=19.2312  78.9GiB  rollout/backwards_per_step=4
[15:35:58] INFO    [r0] step 865: loss=0.138546  lr=1e-05  27.776s/step  grad_norm=28.1727  73.9GiB  rollout/backwards_per_step=4
[15:36:26] INFO    [r0] step 866: loss=0.0212987  lr=1e-05  27.369s/step  grad_norm=0.47821  73.7GiB  rollout/backwards_per_step=4
[15:37:20] INFO    [r0] step 867: loss=0.100337  lr=1e-05  54.262s/step  grad_norm=1.55114  80.4GiB  rollout/backwards_per_step=4
[15:38:06] INFO    [r0] step 868: loss=0.00998952  lr=1e-05  45.660s/step  grad_norm=0.170944  78.7GiB  rollout/backwards_per_step=4
[15:38:42] INFO    [r0] step 869: loss=0.171982  lr=1e-05  36.052s/step  grad_norm=10.0545  76.5GiB  rollout/backwards_per_step=4
[15:39:07] INFO    [r0] step 870: loss=0.047303  lr=1e-05  25.529s/step  grad_norm=0.738042  73.6GiB  rollout/backwards_per_step=4
[15:40:00] INFO    [r0] step 871: loss=0.0334868  lr=1e-05  53.241s/step  grad_norm=0.703106  80.8GiB  rollout/backwards_per_step=4
[15:40:27] INFO    [r0] step 872: loss=0.0123855  lr=1e-05  26.539s/step  grad_norm=0.449802  73.4GiB  rollout/backwards_per_step=4
[15:40:56] INFO    [r0] step 873: loss=0.014274  lr=1e-05  28.986s/step  grad_norm=0.206137  74.8GiB  rollout/backwards_per_step=4
[15:41:50] INFO    [r0] step 874: loss=0.0293724  lr=1e-05  54.452s/step  grad_norm=1.07029  80.7GiB  rollout/backwards_per_step=4
[15:42:11] INFO    [r0] step 875: loss=0.0483  lr=1e-05  20.306s/step  grad_norm=0.948134  72.0GiB  rollout/backwards_per_step=4
[15:42:43] INFO    [r0] step 876: loss=0.0193406  lr=1e-05  32.197s/step  grad_norm=1.2054  75.9GiB  rollout/backwards_per_step=4
[15:43:06] INFO    [r0] step 877: loss=0.0855318  lr=1e-05  23.343s/step  grad_norm=1.17614  72.8GiB  rollout/backwards_per_step=4
[15:43:32] INFO    [r0] step 878: loss=0.0673562  lr=1e-05  25.464s/step  grad_norm=2.32764  73.3GiB  rollout/backwards_per_step=4
[15:44:24] INFO    [r0] step 879: loss=0.0292324  lr=1e-05  52.609s/step  grad_norm=0.447539  80.3GiB  rollout/backwards_per_step=4
[15:44:47] INFO    [r0] step 880: loss=0.0347807  lr=1e-05  22.533s/step  grad_norm=0.483048  73.0GiB  rollout/backwards_per_step=4
[15:45:27] INFO    [r0] step 881: loss=0.0357508  lr=1e-05  40.151s/step  grad_norm=3.62565  77.3GiB  rollout/backwards_per_step=4
[15:45:44] INFO    [r0] step 882: loss=0.0759777  lr=1e-05  16.896s/step  grad_norm=1.05838  71.0GiB  rollout/backwards_per_step=4
[15:46:05] INFO    [r0] step 883: loss=0.0421978  lr=1e-05  21.237s/step  grad_norm=0.731491  72.5GiB  rollout/backwards_per_step=4
[15:47:10] INFO    [r0] step 884: loss=0.0749379  lr=1e-05  65.000s/step  grad_norm=1.49422  83.0GiB  rollout/backwards_per_step=4
[15:47:35] INFO    [r0] step 885: loss=0.0617779  lr=1e-05  25.433s/step  grad_norm=0.520765  73.5GiB  rollout/backwards_per_step=4
[15:48:40] INFO    [r0] step 886: loss=0.0170855  lr=1e-05  64.844s/step  grad_norm=0.330582  82.7GiB  rollout/backwards_per_step=4
[15:49:42] INFO    [r0] step 887: loss=0.0189574  lr=1e-05  61.734s/step  grad_norm=0.314137  82.1GiB  rollout/backwards_per_step=4
[15:50:22] INFO    [r0] step 888: loss=0.042103  lr=1e-05  39.716s/step  grad_norm=2.04552  76.9GiB  rollout/backwards_per_step=4
[15:50:49] INFO    [r0] step 889: loss=0.0927339  lr=1e-05  26.777s/step  grad_norm=0.601511  73.9GiB  rollout/backwards_per_step=4
[15:51:11] INFO    [r0] step 890: loss=0.0422883  lr=1e-05  22.557s/step  grad_norm=0.849961  72.9GiB  rollout/backwards_per_step=4
[15:51:39] INFO    [r0] step 891: loss=0.120385  lr=1e-05  28.266s/step  grad_norm=0.813726  74.5GiB  rollout/backwards_per_step=4
[15:52:33] INFO    [r0] step 892: loss=0.0151262  lr=1e-05  53.367s/step  grad_norm=0.818547  80.7GiB  rollout/backwards_per_step=4
[15:53:26] INFO    [r0] step 893: loss=0.0150035  lr=1e-05  53.328s/step  grad_norm=0.383738  81.1GiB  rollout/backwards_per_step=4
[15:53:55] INFO    [r0] step 894: loss=0.0377645  lr=1e-05  28.785s/step  grad_norm=2.65549  74.6GiB  rollout/backwards_per_step=4
[15:54:22] INFO    [r0] step 895: loss=0.147589  lr=1e-05  26.770s/step  grad_norm=1.88315  73.7GiB  rollout/backwards_per_step=4
[15:54:57] INFO    [r0] step 896: loss=0.0348984  lr=1e-05  35.832s/step  grad_norm=0.704853  76.1GiB  rollout/backwards_per_step=4
[15:55:21] INFO    [r0] step 897: loss=0.0344908  lr=1e-05  23.669s/step  grad_norm=0.487155  73.0GiB  rollout/backwards_per_step=4
[15:56:29] INFO    [r0] step 898: loss=0.00961754  lr=1e-05  67.471s/step  grad_norm=0.160226  83.3GiB  rollout/backwards_per_step=4
[15:57:07] INFO    [r0] step 899: loss=0.0182564  lr=1e-05  38.015s/step  grad_norm=0.835487  77.2GiB  rollout/backwards_per_step=4
[15:57:43] INFO    [r0] step 900: loss=0.0550253  lr=1e-05  36.258s/step  grad_norm=1.09943  76.6GiB  rollout/backwards_per_step=4
[15:58:19] INFO    [r0] step 901: loss=0.0328166  lr=1e-05  36.509s/step  grad_norm=0.430607  77.0GiB  rollout/backwards_per_step=4
[15:59:25] INFO    [r0] step 902: loss=0.0676079  lr=1e-05  66.049s/step  grad_norm=1.43298  83.7GiB  rollout/backwards_per_step=4
[16:00:21] INFO    [r0] step 903: loss=0.0477389  lr=1e-05  55.687s/step  grad_norm=0.514938  81.6GiB  rollout/backwards_per_step=4
[16:00:47] INFO    [r0] step 904: loss=0.0359211  lr=1e-05  25.634s/step  grad_norm=0.390486  73.6GiB  rollout/backwards_per_step=4
[16:01:12] INFO    [r0] step 905: loss=0.0131805  lr=1e-05  25.612s/step  grad_norm=0.103979  73.6GiB  rollout/backwards_per_step=4
[16:02:09] INFO    [r0] step 906: loss=0.16265  lr=1e-05  57.045s/step  grad_norm=1.26987  81.3GiB  rollout/backwards_per_step=4
[16:02:55] INFO    [r0] step 907: loss=0.0248669  lr=1e-05  45.833s/step  grad_norm=1.94224  78.9GiB  rollout/backwards_per_step=4
[16:03:45] INFO    [r0] step 908: loss=0.0266615  lr=1e-05  50.192s/step  grad_norm=1.13671  79.6GiB  rollout/backwards_per_step=4
[16:04:10] INFO    [r0] step 909: loss=0.0765706  lr=1e-05  24.114s/step  grad_norm=0.77593  73.5GiB  rollout/backwards_per_step=4
[16:05:03] INFO    [r0] step 910: loss=0.0838214  lr=1e-05  53.353s/step  grad_norm=2.40004  81.0GiB  rollout/backwards_per_step=4
[16:05:58] INFO    [r0] step 911: loss=0.0102268  lr=1e-05  55.114s/step  grad_norm=0.757347  81.0GiB  rollout/backwards_per_step=4
[16:06:45] INFO    [r0] step 912: loss=0.0203603  lr=1e-05  46.554s/step  grad_norm=0.257977  79.3GiB  rollout/backwards_per_step=4
[16:07:15] INFO    [r0] step 913: loss=0.0316096  lr=1e-05  30.207s/step  grad_norm=0.83369  75.0GiB  rollout/backwards_per_step=4
[16:07:35] INFO    [r0] step 914: loss=0.024103  lr=1e-05  20.331s/step  grad_norm=0.656392  71.9GiB  rollout/backwards_per_step=4
[16:07:56] INFO    [r0] step 915: loss=0.0762511  lr=1e-05  20.625s/step  grad_norm=2.01551  72.1GiB  rollout/backwards_per_step=4
[16:08:26] INFO    [r0] step 916: loss=0.0529984  lr=1e-05  30.412s/step  grad_norm=1.11042  75.0GiB  rollout/backwards_per_step=4
[16:08:53] INFO    [r0] step 917: loss=0.149712  lr=1e-05  26.486s/step  grad_norm=1.55299  73.7GiB  rollout/backwards_per_step=4
[16:09:33] INFO    [r0] step 918: loss=0.0140919  lr=1e-05  40.207s/step  grad_norm=0.386769  77.2GiB  rollout/backwards_per_step=4
[16:10:23] INFO    [r0] step 919: loss=0.0229563  lr=1e-05  50.403s/step  grad_norm=0.822873  80.0GiB  rollout/backwards_per_step=4
[16:11:28] INFO    [r0] step 920: loss=0.0148868  lr=1e-05  64.471s/step  grad_norm=0.293761  82.3GiB  rollout/backwards_per_step=4
[16:11:56] INFO    [r0] step 921: loss=0.0532503  lr=1e-05  28.686s/step  grad_norm=1.08342  74.4GiB  rollout/backwards_per_step=4
[16:12:24] INFO    [r0] step 922: loss=0.0339119  lr=1e-05  28.032s/step  grad_norm=1.46341  73.7GiB  rollout/backwards_per_step=4
[16:13:28] INFO    [r0] step 923: loss=0.0300323  lr=1e-05  63.148s/step  grad_norm=0.796297  82.7GiB  rollout/backwards_per_step=4
[16:14:25] INFO    [r0] step 924: loss=0.032196  lr=1e-05  57.774s/step  grad_norm=1.37684  81.4GiB  rollout/backwards_per_step=4
[16:15:21] INFO    [r0] step 925: loss=0.0372077  lr=1e-05  55.601s/step  grad_norm=0.901188  81.4GiB  rollout/backwards_per_step=4
[16:16:07] INFO    [r0] step 926: loss=0.0239637  lr=1e-05  45.677s/step  grad_norm=0.521528  78.7GiB  rollout/backwards_per_step=4
[16:16:36] INFO    [r0] step 927: loss=0.121389  lr=1e-05  29.327s/step  grad_norm=3.45684  75.1GiB  rollout/backwards_per_step=4
[16:17:41] INFO    [r0] step 928: loss=0.0176654  lr=1e-05  65.484s/step  grad_norm=0.391196  83.4GiB  rollout/backwards_per_step=4
[16:18:46] INFO    [r0] step 929: loss=0.0444026  lr=1e-05  64.578s/step  grad_norm=0.686001  82.4GiB  rollout/backwards_per_step=4
[16:19:40] INFO    [r0] step 930: loss=0.0442558  lr=1e-05  53.576s/step  grad_norm=7.20519  80.9GiB  rollout/backwards_per_step=4
[16:20:07] INFO    [r0] step 931: loss=0.0693346  lr=1e-05  27.053s/step  grad_norm=2.56917  73.9GiB  rollout/backwards_per_step=4
[16:20:47] INFO    [r0] step 932: loss=0.009493  lr=1e-05  40.534s/step  grad_norm=0.743784  77.6GiB  rollout/backwards_per_step=4
[16:21:48] INFO    [r0] step 933: loss=0.0370495  lr=1e-05  60.552s/step  grad_norm=0.600806  82.4GiB  rollout/backwards_per_step=4
[16:22:30] INFO    [r0] step 934: loss=0.0376318  lr=1e-05  42.504s/step  grad_norm=1.33942  78.7GiB  rollout/backwards_per_step=4
[16:22:57] INFO    [r0] step 935: loss=0.0655313  lr=1e-05  26.275s/step  grad_norm=1.86236  73.4GiB  rollout/backwards_per_step=4
[16:23:38] INFO    [r0] step 936: loss=0.0284466  lr=1e-05  41.735s/step  grad_norm=0.56989  78.0GiB  rollout/backwards_per_step=4
[16:24:24] INFO    [r0] step 937: loss=0.0581701  lr=1e-05  45.637s/step  grad_norm=2.65239  78.6GiB  rollout/backwards_per_step=4
[16:24:51] INFO    [r0] step 938: loss=0.0220291  lr=1e-05  26.785s/step  grad_norm=0.515936  73.6GiB  rollout/backwards_per_step=4
[16:25:14] INFO    [r0] step 939: loss=0.035785  lr=1e-05  23.312s/step  grad_norm=0.398252  72.9GiB  rollout/backwards_per_step=4
[16:26:13] INFO    [r0] step 940: loss=0.0628246  lr=1e-05  58.752s/step  grad_norm=2.16475  81.7GiB  rollout/backwards_per_step=4
[16:26:41] INFO    [r0] step 941: loss=0.0493896  lr=1e-05  28.084s/step  grad_norm=1.58734  73.8GiB  rollout/backwards_per_step=4
[16:27:02] INFO    [r0] step 942: loss=0.0516396  lr=1e-05  21.400s/step  grad_norm=4.68198  72.3GiB  rollout/backwards_per_step=4
[16:27:24] INFO    [r0] step 943: loss=0.0493203  lr=1e-05  22.135s/step  grad_norm=1.48781  72.5GiB  rollout/backwards_per_step=4
[16:28:36] INFO    [r0] step 944: loss=0.0929945  lr=1e-05  71.599s/step  grad_norm=0.929081  83.6GiB  rollout/backwards_per_step=4
[16:29:20] INFO    [r0] step 945: loss=0.0315126  lr=1e-05  44.265s/step  grad_norm=0.851016  78.8GiB  rollout/backwards_per_step=4
[16:29:56] INFO    [r0] step 946: loss=0.0352835  lr=1e-05  35.836s/step  grad_norm=0.736849  76.3GiB  rollout/backwards_per_step=4
[16:30:24] INFO    [r0] step 947: loss=0.114408  lr=1e-05  28.215s/step  grad_norm=1.22434  73.9GiB  rollout/backwards_per_step=4
[16:30:51] INFO    [r0] step 948: loss=0.0277551  lr=1e-05  26.907s/step  grad_norm=0.449319  73.5GiB  rollout/backwards_per_step=4
[16:31:49] INFO    [r0] step 949: loss=0.0394774  lr=1e-05  57.596s/step  grad_norm=0.63391  81.2GiB  rollout/backwards_per_step=4
[16:32:18] INFO    [r0] step 950: loss=0.0273516  lr=1e-05  28.764s/step  grad_norm=1.96627  74.5GiB  rollout/backwards_per_step=4
[16:32:41] INFO    [r0] step 951: loss=0.079064  lr=1e-05  23.621s/step  grad_norm=2.42583  72.9GiB  rollout/backwards_per_step=4
[16:33:30] INFO    [r0] step 952: loss=0.0182866  lr=1e-05  48.878s/step  grad_norm=0.532771  79.7GiB  rollout/backwards_per_step=4
[16:34:35] INFO    [r0] step 953: loss=0.0133925  lr=1e-05  64.622s/step  grad_norm=0.171717  82.8GiB  rollout/backwards_per_step=4
[16:35:11] INFO    [r0] step 954: loss=0.0430073  lr=1e-05  35.946s/step  grad_norm=0.817616  76.3GiB  rollout/backwards_per_step=4
[16:35:44] INFO    [r0] step 955: loss=0.0227757  lr=1e-05  33.507s/step  grad_norm=0.231898  75.6GiB  rollout/backwards_per_step=4
[16:36:33] INFO    [r0] step 956: loss=0.142165  lr=1e-05  48.418s/step  grad_norm=1.65207  79.0GiB  rollout/backwards_per_step=4
[16:37:41] INFO    [r0] step 957: loss=0.0402647  lr=1e-05  68.052s/step  grad_norm=0.49691  83.8GiB  rollout/backwards_per_step=4
[16:38:08] INFO    [r0] step 958: loss=0.031501  lr=1e-05  27.051s/step  grad_norm=0.829105  74.0GiB  rollout/backwards_per_step=4
[16:39:12] INFO    [r0] step 959: loss=0.136464  lr=1e-05  64.544s/step  grad_norm=4.45666  82.5GiB  rollout/backwards_per_step=4
[16:39:41] INFO    [r0] step 960: loss=0.0481766  lr=1e-05  28.916s/step  grad_norm=2.85731  74.6GiB  rollout/backwards_per_step=4
[16:40:15] INFO    [r0] step 961: loss=0.0220462  lr=1e-05  34.135s/step  grad_norm=0.540478  76.1GiB  rollout/backwards_per_step=4
[16:41:18] INFO    [r0] step 962: loss=0.065361  lr=1e-05  62.620s/step  grad_norm=1.40974  82.6GiB  rollout/backwards_per_step=4
[16:42:21] INFO    [r0] step 963: loss=0.0291894  lr=1e-05  62.869s/step  grad_norm=0.501539  82.7GiB  rollout/backwards_per_step=4
[16:43:26] INFO    [r0] step 964: loss=0.0222377  lr=1e-05  65.377s/step  grad_norm=0.603034  83.5GiB  rollout/backwards_per_step=4
[16:43:50] INFO    [r0] step 965: loss=0.0290797  lr=1e-05  23.634s/step  grad_norm=0.445206  73.0GiB  rollout/backwards_per_step=4
[16:44:40] INFO    [r0] step 966: loss=0.041608  lr=1e-05  49.973s/step  grad_norm=0.78429  79.2GiB  rollout/backwards_per_step=4
[16:45:09] INFO    [r0] step 967: loss=0.036371  lr=1e-05  28.942s/step  grad_norm=0.620118  74.7GiB  rollout/backwards_per_step=4
[16:46:10] INFO    [r0] step 968: loss=0.0753626  lr=1e-05  61.525s/step  grad_norm=1.87193  81.7GiB  rollout/backwards_per_step=4
[16:47:07] INFO    [r0] step 969: loss=0.0139683  lr=1e-05  56.928s/step  grad_norm=0.131084  81.7GiB  rollout/backwards_per_step=4
[16:47:31] INFO    [r0] step 970: loss=0.0437852  lr=1e-05  23.645s/step  grad_norm=0.310634  73.0GiB  rollout/backwards_per_step=4
[16:48:26] INFO    [r0] step 971: loss=0.0280238  lr=1e-05  55.331s/step  grad_norm=1.04218  81.2GiB  rollout/backwards_per_step=4
[16:49:14] INFO    [r0] step 972: loss=0.0173241  lr=1e-05  47.656s/step  grad_norm=0.882114  79.5GiB  rollout/backwards_per_step=4
[16:49:37] INFO    [r0] step 973: loss=0.0365669  lr=1e-05  23.108s/step  grad_norm=0.47687  73.1GiB  rollout/backwards_per_step=4
[16:50:06] INFO    [r0] step 974: loss=0.124783  lr=1e-05  28.826s/step  grad_norm=4.23212  74.4GiB  rollout/backwards_per_step=4
[16:50:28] INFO    [r0] step 975: loss=0.136534  lr=1e-05  22.151s/step  grad_norm=1.51748  72.6GiB  rollout/backwards_per_step=4
[16:50:50] INFO    [r0] step 976: loss=0.0933256  lr=1e-05  22.452s/step  grad_norm=1.95933  72.7GiB  rollout/backwards_per_step=4
[16:51:43] INFO    [r0] step 977: loss=0.09177  lr=1e-05  52.583s/step  grad_norm=17.5068  80.5GiB  rollout/backwards_per_step=4
[16:52:05] INFO    [r0] step 978: loss=0.0443019  lr=1e-05  21.974s/step  grad_norm=0.913708  72.6GiB  rollout/backwards_per_step=4
[16:52:38] INFO    [r0] step 979: loss=0.0542861  lr=1e-05  33.125s/step  grad_norm=7.6978  75.7GiB  rollout/backwards_per_step=4
[16:53:45] INFO    [r0] step 980: loss=0.012448  lr=1e-05  67.289s/step  grad_norm=0.307629  83.3GiB  rollout/backwards_per_step=4
[16:54:48] INFO    [r0] step 981: loss=0.0499221  lr=1e-05  62.943s/step  grad_norm=1.14934  82.9GiB  rollout/backwards_per_step=4
[16:55:14] INFO    [r0] step 982: loss=0.0390708  lr=1e-05  25.587s/step  grad_norm=0.404221  73.5GiB  rollout/backwards_per_step=4
[16:56:22] INFO    [r0] step 983: loss=0.0133905  lr=1e-05  68.191s/step  grad_norm=0.551094  83.5GiB  rollout/backwards_per_step=4
[16:57:28] INFO    [r0] step 984: loss=0.0427032  lr=1e-05  66.197s/step  grad_norm=1.49334  83.6GiB  rollout/backwards_per_step=4
[16:58:13] INFO    [r0] step 985: loss=0.0220049  lr=1e-05  44.330s/step  grad_norm=0.8742  78.9GiB  rollout/backwards_per_step=4
[16:59:08] INFO    [r0] step 986: loss=0.0844178  lr=1e-05  55.012s/step  grad_norm=3.93306  81.0GiB  rollout/backwards_per_step=4
[17:00:10] INFO    [r0] step 987: loss=0.0456824  lr=1e-05  62.686s/step  grad_norm=2.13745  82.7GiB  rollout/backwards_per_step=4
[17:00:36] INFO    [r0] step 988: loss=0.0375584  lr=1e-05  25.395s/step  grad_norm=1.16249  73.2GiB  rollout/backwards_per_step=4
[17:00:58] INFO    [r0] step 989: loss=0.0222839  lr=1e-05  22.728s/step  grad_norm=0.487382  72.8GiB  rollout/backwards_per_step=4
[17:01:56] INFO    [r0] step 990: loss=0.0325763  lr=1e-05  57.583s/step  grad_norm=0.530403  81.7GiB  rollout/backwards_per_step=4
[17:02:23] INFO    [r0] step 991: loss=0.118578  lr=1e-05  26.762s/step  grad_norm=11.4037  73.9GiB  rollout/backwards_per_step=4
[17:02:56] INFO    [r0] step 992: loss=0.126359  lr=1e-05  32.845s/step  grad_norm=0.769587  75.6GiB  rollout/backwards_per_step=4
[17:03:54] INFO    [r0] step 993: loss=0.0087232  lr=1e-05  58.924s/step  grad_norm=0.187582  82.1GiB  rollout/backwards_per_step=4
[17:04:59] INFO    [r0] step 994: loss=0.0300849  lr=1e-05  64.926s/step  grad_norm=0.344865  83.3GiB  rollout/backwards_per_step=4
[17:06:00] INFO    [r0] step 995: loss=0.0172225  lr=1e-05  60.757s/step  grad_norm=0.960095  81.9GiB  rollout/backwards_per_step=4
[17:06:28] INFO    [r0] step 996: loss=0.0170419  lr=1e-05  28.199s/step  grad_norm=0.297829  74.0GiB  rollout/backwards_per_step=4
[17:07:23] INFO    [r0] step 997: loss=0.034594  lr=1e-05  54.451s/step  grad_norm=0.590941  80.6GiB  rollout/backwards_per_step=4
[17:08:15] INFO    [r0] step 998: loss=0.0383622  lr=1e-05  52.671s/step  grad_norm=0.477008  80.1GiB  rollout/backwards_per_step=4
[17:09:04] INFO    [r0] step 999: loss=0.015277  lr=1e-05  48.917s/step  grad_norm=0.237626  79.6GiB  rollout/backwards_per_step=4
[17:09:46] INFO    [r0] step 1000: loss=0.0636576  lr=1e-05  41.664s/step  grad_norm=0.618157  77.9GiB  rollout/backwards_per_step=4
[17:10:14] INFO    [r0] step 1001: loss=0.0552665  lr=1e-05  27.929s/step  grad_norm=1.01529  74.0GiB  rollout/backwards_per_step=4
[17:10:41] INFO    [r0] step 1002: loss=0.0446011  lr=1e-05  26.763s/step  grad_norm=1.98565  73.5GiB  rollout/backwards_per_step=4
[17:11:06] INFO    [r0] step 1003: loss=0.0308836  lr=1e-05  25.575s/step  grad_norm=0.278491  73.3GiB  rollout/backwards_per_step=4
[17:12:09] INFO    [r0] step 1004: loss=0.0339522  lr=1e-05  62.422s/step  grad_norm=0.332091  82.4GiB  rollout/backwards_per_step=4
[17:13:09] INFO    [r0] step 1005: loss=0.0330684  lr=1e-05  60.346s/step  grad_norm=0.870427  81.7GiB  rollout/backwards_per_step=4
[17:14:17] INFO    [r0] step 1006: loss=0.0088061  lr=1e-05  68.331s/step  grad_norm=0.112605  83.7GiB  rollout/backwards_per_step=4
[17:15:13] INFO    [r0] step 1007: loss=0.0134458  lr=1e-05  55.831s/step  grad_norm=0.403592  81.1GiB  rollout/backwards_per_step=4
[17:16:16] INFO    [r0] step 1008: loss=0.0324461  lr=1e-05  62.460s/step  grad_norm=0.407456  82.5GiB  rollout/backwards_per_step=4
[17:17:08] INFO    [r0] step 1009: loss=0.0185504  lr=1e-05  52.529s/step  grad_norm=0.355125  80.3GiB  rollout/backwards_per_step=4
[17:17:39] INFO    [r0] step 1010: loss=0.117606  lr=1e-05  30.377s/step  grad_norm=5.56506  74.9GiB  rollout/backwards_per_step=4
[17:18:06] INFO    [r0] step 1011: loss=0.0199477  lr=1e-05  27.088s/step  grad_norm=0.972317  73.5GiB  rollout/backwards_per_step=4
[17:18:54] INFO    [r0] step 1012: loss=0.0115426  lr=1e-05  48.762s/step  grad_norm=0.179938  79.4GiB  rollout/backwards_per_step=4
[17:19:35] INFO    [r0] step 1013: loss=0.0201076  lr=1e-05  40.968s/step  grad_norm=0.671238  77.5GiB  rollout/backwards_per_step=4
[17:20:29] INFO    [r0] step 1014: loss=0.0381177  lr=1e-05  53.167s/step  grad_norm=0.293225  80.8GiB  rollout/backwards_per_step=4
[17:21:06] INFO    [r0] step 1015: loss=0.0287095  lr=1e-05  37.610s/step  grad_norm=0.288424  76.8GiB  rollout/backwards_per_step=4
[17:22:02] INFO    [r0] step 1016: loss=0.0256695  lr=1e-05  55.673s/step  grad_norm=0.67958  80.8GiB  rollout/backwards_per_step=4
[17:22:27] INFO    [r0] step 1017: loss=0.0682854  lr=1e-05  25.537s/step  grad_norm=1.59552  73.6GiB  rollout/backwards_per_step=4
[17:23:34] INFO    [r0] step 1018: loss=0.0226484  lr=1e-05  66.274s/step  grad_norm=0.285971  83.9GiB  rollout/backwards_per_step=4
[17:24:39] INFO    [r0] step 1019: loss=0.0442914  lr=1e-05  65.613s/step  grad_norm=1.1434  83.6GiB  rollout/backwards_per_step=4
[17:25:02] INFO    [r0] step 1020: loss=0.0263964  lr=1e-05  22.449s/step  grad_norm=0.592768  72.8GiB  rollout/backwards_per_step=4
[17:25:27] INFO    [r0] step 1021: loss=0.0618809  lr=1e-05  25.591s/step  grad_norm=0.69479  73.8GiB  rollout/backwards_per_step=4
[17:26:02] INFO    [r0] step 1022: loss=0.0335209  lr=1e-05  35.004s/step  grad_norm=0.82839  76.0GiB  rollout/backwards_per_step=4
[17:26:26] INFO    [r0] step 1023: loss=0.0709264  lr=1e-05  23.332s/step  grad_norm=0.601482  72.7GiB  rollout/backwards_per_step=4
[17:27:14] INFO    [r0] step 1024: loss=0.00936801  lr=1e-05  48.210s/step  grad_norm=0.105451  79.9GiB  rollout/backwards_per_step=4
[17:27:54] INFO    [r0] step 1025: loss=0.032838  lr=1e-05  40.140s/step  grad_norm=0.29593  77.3GiB  rollout/backwards_per_step=4
[17:28:20] INFO    [r0] step 1026: loss=0.0383892  lr=1e-05  25.507s/step  grad_norm=1.1364  73.4GiB  rollout/backwards_per_step=4
[17:28:42] INFO    [r0] step 1027: loss=0.106851  lr=1e-05  22.558s/step  grad_norm=1.40983  72.9GiB  rollout/backwards_per_step=4
[17:29:16] INFO    [r0] step 1028: loss=0.0103511  lr=1e-05  33.804s/step  grad_norm=0.109515  75.5GiB  rollout/backwards_per_step=4
[17:30:11] INFO    [r0] step 1029: loss=0.04759  lr=1e-05  55.165s/step  grad_norm=1.05354  80.9GiB  rollout/backwards_per_step=4
[17:31:05] INFO    [r0] step 1030: loss=0.0153288  lr=1e-05  54.379s/step  grad_norm=0.331129  80.7GiB  rollout/backwards_per_step=4
[17:32:09] INFO    [r0] step 1031: loss=0.0344999  lr=1e-05  63.188s/step  grad_norm=1.40796  83.0GiB  rollout/backwards_per_step=4
[17:32:55] INFO    [r0] step 1032: loss=0.028077  lr=1e-05  46.422s/step  grad_norm=0.475835  79.3GiB  rollout/backwards_per_step=4
[17:34:03] INFO    [r0] step 1033: loss=0.0832732  lr=1e-05  67.547s/step  grad_norm=2.25939  83.3GiB  rollout/backwards_per_step=4
[17:34:25] INFO    [r0] step 1034: loss=0.0550145  lr=1e-05  22.520s/step  grad_norm=0.619536  72.6GiB  rollout/backwards_per_step=4
[17:34:53] INFO    [r0] step 1035: loss=0.0270278  lr=1e-05  27.705s/step  grad_norm=0.37876  74.3GiB  rollout/backwards_per_step=4
[17:35:15] INFO    [r0] step 1036: loss=0.0477265  lr=1e-05  22.178s/step  grad_norm=4.00624  72.6GiB  rollout/backwards_per_step=4
[17:35:36] INFO    [r0] step 1037: loss=0.0596469  lr=1e-05  20.597s/step  grad_norm=1.21434  72.3GiB  rollout/backwards_per_step=4
[17:35:58] INFO    [r0] step 1038: loss=0.0494957  lr=1e-05  22.404s/step  grad_norm=2.12641  72.7GiB  rollout/backwards_per_step=4
[17:36:20] INFO    [r0] step 1039: loss=0.0737714  lr=1e-05  22.469s/step  grad_norm=0.973719  72.8GiB  rollout/backwards_per_step=4
[17:37:18] INFO    [r0] step 1040: loss=0.0124809  lr=1e-05  57.250s/step  grad_norm=1.01905  80.9GiB  rollout/backwards_per_step=4
[17:37:43] INFO    [r0] step 1041: loss=0.0254059  lr=1e-05  25.254s/step  grad_norm=0.806159  73.3GiB  rollout/backwards_per_step=4
[17:38:05] INFO    [r0] step 1042: loss=0.108919  lr=1e-05  21.914s/step  grad_norm=3.65954  72.6GiB  rollout/backwards_per_step=4
[17:38:41] INFO    [r0] step 1043: loss=0.0236927  lr=1e-05  35.614s/step  grad_norm=0.331522  76.8GiB  rollout/backwards_per_step=4
[17:39:29] INFO    [r0] step 1044: loss=0.0416639  lr=1e-05  48.449s/step  grad_norm=1.01053  79.8GiB  rollout/backwards_per_step=4
[17:39:57] INFO    [r0] step 1045: loss=0.049978  lr=1e-05  28.213s/step  grad_norm=2.84604  74.0GiB  rollout/backwards_per_step=4
[17:40:24] INFO    [r0] step 1046: loss=0.0752153  lr=1e-05  26.912s/step  grad_norm=1.56085  73.9GiB  rollout/backwards_per_step=4
[17:41:00] INFO    [r0] step 1047: loss=0.0922723  lr=1e-05  36.336s/step  grad_norm=3.68237  76.8GiB  rollout/backwards_per_step=4
[17:41:28] INFO    [r0] step 1048: loss=0.0237606  lr=1e-05  27.584s/step  grad_norm=0.851016  74.0GiB  rollout/backwards_per_step=4
[17:41:50] INFO    [r0] step 1049: loss=0.126948  lr=1e-05  22.161s/step  grad_norm=2.40713  72.7GiB  rollout/backwards_per_step=4
[17:42:14] INFO    [r0] step 1050: loss=0.0394279  lr=1e-05  23.943s/step  grad_norm=1.10763  73.1GiB  rollout/backwards_per_step=4
[17:42:37] INFO    [r0] step 1051: loss=0.0858467  lr=1e-05  23.354s/step  grad_norm=3.89262  72.8GiB  rollout/backwards_per_step=4
[17:43:43] INFO    [r0] step 1052: loss=0.0177516  lr=1e-05  65.167s/step  grad_norm=0.540294  83.4GiB  rollout/backwards_per_step=4
[17:44:26] INFO    [r0] step 1053: loss=0.0471286  lr=1e-05  43.844s/step  grad_norm=1.11938  78.2GiB  rollout/backwards_per_step=4
[17:45:35] INFO    [r0] step 1054: loss=0.0416548  lr=1e-05  68.676s/step  grad_norm=0.545473  83.1GiB  rollout/backwards_per_step=4
[17:46:03] INFO    [r0] step 1055: loss=0.0528078  lr=1e-05  28.219s/step  grad_norm=1.10821  74.0GiB  rollout/backwards_per_step=4
[17:46:39] INFO    [r0] step 1056: loss=0.0333059  lr=1e-05  36.083s/step  grad_norm=1.04069  76.4GiB  rollout/backwards_per_step=4
[17:47:03] INFO    [r0] step 1057: loss=0.21741  lr=1e-05  23.671s/step  grad_norm=1.90428  72.9GiB  rollout/backwards_per_step=4
[17:47:28] INFO    [r0] step 1058: loss=0.0490945  lr=1e-05  25.221s/step  grad_norm=0.844525  73.2GiB  rollout/backwards_per_step=4
[17:48:37] INFO    [r0] step 1059: loss=0.0238721  lr=1e-05  68.471s/step  grad_norm=2.21734  83.2GiB  rollout/backwards_per_step=4
[17:49:30] INFO    [r0] step 1060: loss=0.125165  lr=1e-05  52.720s/step  grad_norm=6.23226  80.6GiB  rollout/backwards_per_step=4
[17:50:14] INFO    [r0] step 1061: loss=0.031959  lr=1e-05  44.236s/step  grad_norm=0.755172  78.4GiB  rollout/backwards_per_step=4
[17:51:01] INFO    [r0] step 1062: loss=0.127503  lr=1e-05  47.296s/step  grad_norm=1.14722  79.0GiB  rollout/backwards_per_step=4
[17:51:25] INFO    [r0] step 1063: loss=0.0401325  lr=1e-05  23.657s/step  grad_norm=1.54184  73.0GiB  rollout/backwards_per_step=4
[17:52:05] INFO    [r0] step 1064: loss=0.0234527  lr=1e-05  40.473s/step  grad_norm=1.49997  77.6GiB  rollout/backwards_per_step=4
[17:52:29] INFO    [r0] step 1065: loss=0.190553  lr=1e-05  23.888s/step  grad_norm=1.95801  73.3GiB  rollout/backwards_per_step=4
[17:53:22] INFO    [r0] step 1066: loss=0.0242947  lr=1e-05  53.340s/step  grad_norm=0.247056  80.7GiB  rollout/backwards_per_step=4
[17:54:20] INFO    [r0] step 1067: loss=0.0198136  lr=1e-05  57.531s/step  grad_norm=1.76619  82.5GiB  rollout/backwards_per_step=4
[17:55:03] INFO    [r0] step 1068: loss=0.0234097  lr=1e-05  42.548s/step  grad_norm=0.521565  77.9GiB  rollout/backwards_per_step=4
[17:55:27] INFO    [r0] step 1069: loss=0.0874802  lr=1e-05  24.071s/step  grad_norm=5.71788  73.2GiB  rollout/backwards_per_step=4
[17:55:50] INFO    [r0] step 1070: loss=0.0144017  lr=1e-05  23.819s/step  grad_norm=0.216818  73.2GiB  rollout/backwards_per_step=4
[17:56:31] INFO    [r0] step 1071: loss=0.0207612  lr=1e-05  40.913s/step  grad_norm=0.683117  77.7GiB  rollout/backwards_per_step=4
[17:56:53] INFO    [r0] step 1072: loss=0.0678038  lr=1e-05  22.102s/step  grad_norm=0.347838  72.7GiB  rollout/backwards_per_step=4
[17:57:19] INFO    [r0] step 1073: loss=0.0402016  lr=1e-05  25.632s/step  grad_norm=0.596828  73.7GiB  rollout/backwards_per_step=4
[17:57:55] INFO    [r0] step 1074: loss=0.0290689  lr=1e-05  36.279s/step  grad_norm=0.956331  76.7GiB  rollout/backwards_per_step=4
[17:59:03] INFO    [r0] step 1075: loss=0.0558384  lr=1e-05  68.082s/step  grad_norm=0.34822  83.5GiB  rollout/backwards_per_step=4
[17:59:52] INFO    [r0] step 1076: loss=0.0205576  lr=1e-05  48.856s/step  grad_norm=0.343405  79.6GiB  rollout/backwards_per_step=4
[18:00:39] INFO    [r0] step 1077: loss=0.0994732  lr=1e-05  46.686s/step  grad_norm=2.07065  79.5GiB  rollout/backwards_per_step=4
[18:01:06] INFO    [r0] step 1078: loss=0.0635673  lr=1e-05  27.105s/step  grad_norm=0.764014  74.0GiB  rollout/backwards_per_step=4
[18:02:09] INFO    [r0] step 1079: loss=0.0336947  lr=1e-05  62.932s/step  grad_norm=0.407764  82.9GiB  rollout/backwards_per_step=4
[18:02:47] INFO    [r0] step 1080: loss=0.0600136  lr=1e-05  37.830s/step  grad_norm=1.66953  76.9GiB  rollout/backwards_per_step=4
[18:03:42] INFO    [r0] step 1081: loss=0.0853104  lr=1e-05  55.415s/step  grad_norm=0.575445  81.3GiB  rollout/backwards_per_step=4
[18:04:18] INFO    [r0] step 1082: loss=0.0396358  lr=1e-05  36.021s/step  grad_norm=1.23632  76.5GiB  rollout/backwards_per_step=4
[18:04:40] INFO    [r0] step 1083: loss=0.0171726  lr=1e-05  21.452s/step  grad_norm=0.766299  72.3GiB  rollout/backwards_per_step=4
[18:05:05] INFO    [r0] step 1084: loss=0.0835709  lr=1e-05  24.845s/step  grad_norm=1.28704  73.3GiB  rollout/backwards_per_step=4
[18:05:30] INFO    [r0] step 1085: loss=0.0269602  lr=1e-05  25.019s/step  grad_norm=0.592732  73.3GiB  rollout/backwards_per_step=4
[18:06:40] INFO    [r0] step 1086: loss=0.0144426  lr=1e-05  70.345s/step  grad_norm=0.410122  83.6GiB  rollout/backwards_per_step=4
[18:07:20] INFO    [r0] step 1087: loss=0.0147451  lr=1e-05  40.427s/step  grad_norm=0.21119  77.5GiB  rollout/backwards_per_step=4
[18:08:16] INFO    [r0] step 1088: loss=0.0198963  lr=1e-05  55.175s/step  grad_norm=0.473193  81.2GiB  rollout/backwards_per_step=4
[18:09:11] INFO    [r0] step 1089: loss=0.0615856  lr=1e-05  55.394s/step  grad_norm=0.443222  81.2GiB  rollout/backwards_per_step=4
[18:10:14] INFO    [r0] step 1090: loss=0.0427614  lr=1e-05  63.536s/step  grad_norm=0.400194  82.8GiB  rollout/backwards_per_step=4
[18:11:17] INFO    [r0] step 1091: loss=0.0266698  lr=1e-05  62.445s/step  grad_norm=0.274307  82.3GiB  rollout/backwards_per_step=4
[18:12:12] INFO    [r0] step 1092: loss=0.0194243  lr=1e-05  55.119s/step  grad_norm=0.754202  80.5GiB  rollout/backwards_per_step=4
[18:12:34] INFO    [r0] step 1093: loss=0.0859888  lr=1e-05  22.152s/step  grad_norm=1.10429  73.0GiB  rollout/backwards_per_step=4
[18:13:21] INFO    [r0] step 1094: loss=0.0598357  lr=1e-05  46.767s/step  grad_norm=0.688362  79.4GiB  rollout/backwards_per_step=4
[18:14:14] INFO    [r0] step 1095: loss=0.090199  lr=1e-05  52.694s/step  grad_norm=2.54871  80.5GiB  rollout/backwards_per_step=4
[18:14:31] INFO    [r0] step 1096: loss=0.0378743  lr=1e-05  16.845s/step  grad_norm=1.08881  70.2GiB  rollout/backwards_per_step=4
[18:15:33] INFO    [r0] step 1097: loss=0.0418745  lr=1e-05  62.706s/step  grad_norm=2.864  82.8GiB  rollout/backwards_per_step=4
[18:16:10] INFO    [r0] step 1098: loss=0.0152513  lr=1e-05  36.314s/step  grad_norm=1.19849  76.8GiB  rollout/backwards_per_step=4
[18:17:03] INFO    [r0] step 1099: loss=0.029621  lr=1e-05  53.475s/step  grad_norm=0.777699  81.1GiB  rollout/backwards_per_step=4
[18:17:30] INFO    [r0] step 1100: loss=0.0517344  lr=1e-05  26.539s/step  grad_norm=1.59721  73.4GiB  rollout/backwards_per_step=4
[18:18:32] INFO    [r0] step 1101: loss=0.0723462  lr=1e-05  62.663s/step  grad_norm=3.28388  82.7GiB  rollout/backwards_per_step=4
[18:19:33] INFO    [r0] step 1102: loss=0.0240955  lr=1e-05  61.011s/step  grad_norm=0.86506  82.1GiB  rollout/backwards_per_step=4
[18:20:44] INFO    [r0] step 1103: loss=0.0216502  lr=1e-05  71.172s/step  grad_norm=0.222672  84.1GiB  rollout/backwards_per_step=4
[18:21:49] INFO    [r0] step 1104: loss=0.0840295  lr=1e-05  64.919s/step  grad_norm=1.1939  82.9GiB  rollout/backwards_per_step=4
[18:22:35] INFO    [r0] step 1105: loss=0.0587643  lr=1e-05  46.009s/step  grad_norm=0.997502  79.0GiB  rollout/backwards_per_step=4
[18:23:20] INFO    [r0] step 1106: loss=0.128392  lr=1e-05  44.248s/step  grad_norm=8.35836  78.7GiB  rollout/backwards_per_step=4
[18:24:08] INFO    [r0] step 1107: loss=0.0383368  lr=1e-05  48.754s/step  grad_norm=0.501271  79.5GiB  rollout/backwards_per_step=4
[18:24:54] INFO    [r0] step 1108: loss=0.0211948  lr=1e-05  45.812s/step  grad_norm=0.330149  78.8GiB  rollout/backwards_per_step=4
[18:25:40] INFO    [r0] step 1109: loss=0.0672215  lr=1e-05  45.913s/step  grad_norm=0.690336  78.9GiB  rollout/backwards_per_step=4
[18:26:24] INFO    [r0] step 1110: loss=0.0725403  lr=1e-05  44.220s/step  grad_norm=0.573749  78.6GiB  rollout/backwards_per_step=4
[18:27:10] INFO    [r0] step 1111: loss=0.123927  lr=1e-05  45.311s/step  grad_norm=1.55607  78.4GiB  rollout/backwards_per_step=4
[18:27:49] INFO    [r0] step 1112: loss=0.038091  lr=1e-05  39.519s/step  grad_norm=0.792728  77.6GiB  rollout/backwards_per_step=4
[18:28:18] INFO    [r0] step 1113: loss=0.0221256  lr=1e-05  28.821s/step  grad_norm=0.561954  74.5GiB  rollout/backwards_per_step=4
[18:29:00] INFO    [r0] step 1114: loss=0.0657832  lr=1e-05  41.621s/step  grad_norm=1.44138  77.7GiB  rollout/backwards_per_step=4
[18:29:50] INFO    [r0] step 1115: loss=0.0571066  lr=1e-05  50.236s/step  grad_norm=0.94656  79.6GiB  rollout/backwards_per_step=4
[18:30:44] INFO    [r0] step 1116: loss=0.0306075  lr=1e-05  53.822s/step  grad_norm=1.62238  81.2GiB  rollout/backwards_per_step=4
[18:31:07] INFO    [r0] step 1117: loss=0.16589  lr=1e-05  23.390s/step  grad_norm=2.96832  72.7GiB  rollout/backwards_per_step=4
[18:31:34] INFO    [r0] step 1118: loss=0.026039  lr=1e-05  27.161s/step  grad_norm=0.841427  73.7GiB  rollout/backwards_per_step=4
[18:31:57] INFO    [r0] step 1119: loss=0.1285  lr=1e-05  22.563s/step  grad_norm=0.722951  72.9GiB  rollout/backwards_per_step=4
[18:32:30] INFO    [r0] step 1120: loss=0.0920402  lr=1e-05  32.948s/step  grad_norm=1.46928  75.5GiB  rollout/backwards_per_step=4
[18:33:10] INFO    [r0] step 1121: loss=0.0922899  lr=1e-05  40.159s/step  grad_norm=1.34077  77.4GiB  rollout/backwards_per_step=4
[18:34:00] INFO    [r0] step 1122: loss=0.0181935  lr=1e-05  50.462s/step  grad_norm=0.153757  79.7GiB  rollout/backwards_per_step=4
[18:34:24] INFO    [r0] step 1123: loss=0.0653357  lr=1e-05  23.409s/step  grad_norm=0.630775  72.8GiB  rollout/backwards_per_step=4
[18:35:37] INFO    [r0] step 1124: loss=0.0358594  lr=1e-05  72.818s/step  grad_norm=0.724833  84.4GiB  rollout/backwards_per_step=4
[18:36:30] INFO    [r0] step 1125: loss=0.0254028  lr=1e-05  53.432s/step  grad_norm=0.806194  80.9GiB  rollout/backwards_per_step=4
[18:37:27] INFO    [r0] step 1126: loss=0.0441492  lr=1e-05  57.343s/step  grad_norm=2.44727  82.1GiB  rollout/backwards_per_step=4
[18:37:55] INFO    [r0] step 1127: loss=0.0770305  lr=1e-05  27.790s/step  grad_norm=3.9924  73.9GiB  rollout/backwards_per_step=4
[18:38:21] INFO    [r0] step 1128: loss=0.0426241  lr=1e-05  26.322s/step  grad_norm=0.825125  73.4GiB  rollout/backwards_per_step=4
[18:39:01] INFO    [r0] step 1129: loss=0.0123319  lr=1e-05  39.705s/step  grad_norm=0.27637  77.0GiB  rollout/backwards_per_step=4
[18:39:25] INFO    [r0] step 1130: loss=0.0457246  lr=1e-05  23.614s/step  grad_norm=0.677207  72.8GiB  rollout/backwards_per_step=4
[18:39:48] INFO    [r0] step 1131: loss=0.0450191  lr=1e-05  22.831s/step  grad_norm=0.350715  72.9GiB  rollout/backwards_per_step=4
[18:40:11] INFO    [r0] step 1132: loss=0.0445485  lr=1e-05  23.325s/step  grad_norm=4.37675  72.8GiB  rollout/backwards_per_step=4
[18:40:52] INFO    [r0] step 1133: loss=0.0115262  lr=1e-05  40.756s/step  grad_norm=0.200279  77.4GiB  rollout/backwards_per_step=4
[18:41:16] INFO    [r0] step 1134: loss=0.0298261  lr=1e-05  23.883s/step  grad_norm=0.405752  73.3GiB  rollout/backwards_per_step=4
[18:42:11] INFO    [r0] step 1135: loss=0.0188355  lr=1e-05  55.038s/step  grad_norm=0.468563  80.9GiB  rollout/backwards_per_step=4
[18:43:16] INFO    [r0] step 1136: loss=0.0407168  lr=1e-05  65.022s/step  grad_norm=2.23762  83.1GiB  rollout/backwards_per_step=4
[18:43:56] INFO    [r0] step 1137: loss=0.0168132  lr=1e-05  40.433s/step  grad_norm=0.412512  77.5GiB  rollout/backwards_per_step=4
[18:44:41] INFO    [r0] step 1138: loss=0.0503556  lr=1e-05  44.875s/step  grad_norm=0.765316  78.9GiB  rollout/backwards_per_step=4
[18:45:10] INFO    [r0] step 1139: loss=0.0259031  lr=1e-05  29.537s/step  grad_norm=0.37482  74.7GiB  rollout/backwards_per_step=4
[18:46:06] INFO    [r0] step 1140: loss=0.0203005  lr=1e-05  55.107s/step  grad_norm=1.26366  80.8GiB  rollout/backwards_per_step=4
[18:46:59] INFO    [r0] step 1141: loss=0.0519524  lr=1e-05  53.072s/step  grad_norm=2.45988  80.6GiB  rollout/backwards_per_step=4
[18:47:31] INFO    [r0] step 1142: loss=0.060458  lr=1e-05  32.835s/step  grad_norm=0.903026  75.6GiB  rollout/backwards_per_step=4
[18:48:20] INFO    [r0] step 1143: loss=0.0306924  lr=1e-05  49.046s/step  grad_norm=0.223945  79.9GiB  rollout/backwards_per_step=4
[18:48:59] INFO    [r0] step 1144: loss=0.100818  lr=1e-05  38.139s/step  grad_norm=2.26696  77.3GiB  rollout/backwards_per_step=4
[18:49:58] INFO    [r0] step 1145: loss=0.0433446  lr=1e-05  59.226s/step  grad_norm=2.14777  81.2GiB  rollout/backwards_per_step=4
[18:50:25] INFO    [r0] step 1146: loss=0.0411018  lr=1e-05  27.461s/step  grad_norm=1.02519  74.2GiB  rollout/backwards_per_step=4
[18:51:14] INFO    [r0] step 1147: loss=0.0105577  lr=1e-05  48.440s/step  grad_norm=0.271565  79.2GiB  rollout/backwards_per_step=4
[18:52:06] INFO    [r0] step 1148: loss=0.0255126  lr=1e-05  51.859s/step  grad_norm=0.660294  80.6GiB  rollout/backwards_per_step=4
[18:52:39] INFO    [r0] step 1149: loss=0.0451782  lr=1e-05  33.096s/step  grad_norm=0.433424  75.8GiB  rollout/backwards_per_step=4
[18:53:28] INFO    [r0] step 1150: loss=0.0453932  lr=1e-05  48.922s/step  grad_norm=1.13722  79.4GiB  rollout/backwards_per_step=4
[18:54:27] INFO    [r0] step 1151: loss=0.0418725  lr=1e-05  59.372s/step  grad_norm=0.740976  81.6GiB  rollout/backwards_per_step=4
[18:55:04] INFO    [r0] step 1152: loss=0.0503703  lr=1e-05  37.351s/step  grad_norm=0.538774  76.4GiB  rollout/backwards_per_step=4
[18:56:12] INFO    [r0] step 1153: loss=0.0384847  lr=1e-05  67.268s/step  grad_norm=0.69216  83.3GiB  rollout/backwards_per_step=4
[18:57:05] INFO    [r0] step 1154: loss=0.061032  lr=1e-05  53.657s/step  grad_norm=0.750343  81.1GiB  rollout/backwards_per_step=4
[18:57:50] INFO    [r0] step 1155: loss=0.0565152  lr=1e-05  44.278s/step  grad_norm=0.483605  78.7GiB  rollout/backwards_per_step=4
[18:58:36] INFO    [r0] step 1156: loss=0.0594334  lr=1e-05  46.682s/step  grad_norm=1.49444  79.5GiB  rollout/backwards_per_step=4
[18:58:58] INFO    [r0] step 1157: loss=0.0367845  lr=1e-05  22.100s/step  grad_norm=0.462457  72.4GiB  rollout/backwards_per_step=4
[18:59:51] INFO    [r0] step 1158: loss=0.0298161  lr=1e-05  52.561s/step  grad_norm=0.232068  80.4GiB  rollout/backwards_per_step=4
[19:00:19] INFO    [r0] step 1159: loss=0.0656232  lr=1e-05  28.048s/step  grad_norm=0.278425  74.0GiB  rollout/backwards_per_step=4
[19:00:42] INFO    [r0] step 1160: loss=0.0320717  lr=1e-05  23.311s/step  grad_norm=0.477054  72.7GiB  rollout/backwards_per_step=4
[19:01:36] INFO    [r0] step 1161: loss=0.0817549  lr=1e-05  53.427s/step  grad_norm=3.60266  80.9GiB  rollout/backwards_per_step=4
[19:02:01] INFO    [r0] step 1162: loss=0.0279037  lr=1e-05  25.435s/step  grad_norm=0.456374  73.5GiB  rollout/backwards_per_step=4
[19:02:42] INFO    [r0] step 1163: loss=0.027068  lr=1e-05  40.385s/step  grad_norm=1.20273  77.4GiB  rollout/backwards_per_step=4
[19:03:47] INFO    [r0] step 1164: loss=0.0284276  lr=1e-05  65.044s/step  grad_norm=0.39649  83.0GiB  rollout/backwards_per_step=4
[19:04:23] INFO    [r0] step 1165: loss=0.0952096  lr=1e-05  36.109s/step  grad_norm=5.15992  76.5GiB  rollout/backwards_per_step=4
[19:04:53] INFO    [r0] step 1166: loss=0.0838144  lr=1e-05  29.959s/step  grad_norm=1.83265  74.7GiB  rollout/backwards_per_step=4
[19:05:22] INFO    [r0] step 1167: loss=0.0263071  lr=1e-05  28.896s/step  grad_norm=0.847944  74.6GiB  rollout/backwards_per_step=4
[19:05:41] INFO    [r0] step 1168: loss=0.0386694  lr=1e-05  19.355s/step  grad_norm=1.2638  72.0GiB  rollout/backwards_per_step=4
[19:06:40] INFO    [r0] step 1169: loss=0.050445  lr=1e-05  59.129s/step  grad_norm=1.52398  81.6GiB  rollout/backwards_per_step=4
[19:07:10] INFO    [r0] step 1170: loss=0.0301323  lr=1e-05  30.335s/step  grad_norm=2.44871  74.9GiB  rollout/backwards_per_step=4
[19:08:06] INFO    [r0] step 1171: loss=0.021732  lr=1e-05  55.205s/step  grad_norm=0.249617  81.0GiB  rollout/backwards_per_step=4
[19:09:10] INFO    [r0] step 1172: loss=0.0372351  lr=1e-05  64.702s/step  grad_norm=1.13753  82.7GiB  rollout/backwards_per_step=4
[19:09:39] INFO    [r0] step 1173: loss=0.0799814  lr=1e-05  28.977s/step  grad_norm=4.43764  74.8GiB  rollout/backwards_per_step=4
[19:10:26] INFO    [r0] step 1174: loss=0.0273941  lr=1e-05  46.744s/step  grad_norm=0.391437  79.6GiB  rollout/backwards_per_step=4
[19:11:34] INFO    [r0] step 1175: loss=0.0304399  lr=1e-05  68.308s/step  grad_norm=0.307249  83.8GiB  rollout/backwards_per_step=4
[19:12:02] INFO    [r0] step 1176: loss=0.0179197  lr=1e-05  27.376s/step  grad_norm=0.314205  73.8GiB  rollout/backwards_per_step=4
[19:13:05] INFO    [r0] step 1177: loss=0.0135533  lr=1e-05  63.340s/step  grad_norm=0.156759  82.7GiB  rollout/backwards_per_step=4
[19:13:37] INFO    [r0] step 1178: loss=0.0152079  lr=1e-05  31.623s/step  grad_norm=0.440325  75.1GiB  rollout/backwards_per_step=4
[19:14:15] INFO    [r0] step 1179: loss=0.0455321  lr=1e-05  38.160s/step  grad_norm=0.908946  77.4GiB  rollout/backwards_per_step=4
[19:14:37] INFO    [r0] step 1180: loss=0.082344  lr=1e-05  22.433s/step  grad_norm=0.83345  72.7GiB  rollout/backwards_per_step=4
[19:15:01] INFO    [r0] step 1181: loss=0.0190608  lr=1e-05  23.697s/step  grad_norm=0.164037  73.1GiB  rollout/backwards_per_step=4
[19:15:58] INFO    [r0] step 1182: loss=0.0435064  lr=1e-05  56.813s/step  grad_norm=0.614501  81.3GiB  rollout/backwards_per_step=4
[19:16:23] INFO    [r0] step 1183: loss=0.0333677  lr=1e-05  25.295s/step  grad_norm=0.265462  73.2GiB  rollout/backwards_per_step=4
[19:17:28] INFO    [r0] step 1184: loss=0.0215251  lr=1e-05  64.757s/step  grad_norm=0.746864  82.8GiB  rollout/backwards_per_step=4
[19:17:48] INFO    [r0] step 1185: loss=0.0132866  lr=1e-05  20.411s/step  grad_norm=0.152627  72.0GiB  rollout/backwards_per_step=4
[19:18:26] INFO    [r0] step 1186: loss=0.0434239  lr=1e-05  37.995s/step  grad_norm=0.603954  77.0GiB  rollout/backwards_per_step=4
[19:18:53] INFO    [r0] step 1187: loss=0.0322749  lr=1e-05  27.001s/step  grad_norm=1.85388  73.5GiB  rollout/backwards_per_step=4
[19:19:19] INFO    [r0] step 1188: loss=0.0335323  lr=1e-05  25.471s/step  grad_norm=1.00732  73.3GiB  rollout/backwards_per_step=4
[19:19:46] INFO    [r0] step 1189: loss=0.064779  lr=1e-05  27.460s/step  grad_norm=0.767496  74.2GiB  rollout/backwards_per_step=4
[19:20:54] INFO    [r0] step 1190: loss=0.0730777  lr=1e-05  67.945s/step  grad_norm=0.672444  83.9GiB  rollout/backwards_per_step=4
[19:21:59] INFO    [r0] step 1191: loss=0.0361834  lr=1e-05  65.099s/step  grad_norm=2.51856  83.2GiB  rollout/backwards_per_step=4
[19:22:45] INFO    [r0] step 1192: loss=0.0488483  lr=1e-05  45.441s/step  grad_norm=0.60124  78.4GiB  rollout/backwards_per_step=4
[19:23:24] INFO    [r0] step 1193: loss=0.041182  lr=1e-05  39.509s/step  grad_norm=0.355198  76.8GiB  rollout/backwards_per_step=4
[19:24:00] INFO    [r0] step 1194: loss=0.0129353  lr=1e-05  35.605s/step  grad_norm=0.588828  76.1GiB  rollout/backwards_per_step=4
[19:24:22] INFO    [r0] step 1195: loss=0.0514256  lr=1e-05  22.163s/step  grad_norm=1.01531  72.6GiB  rollout/backwards_per_step=4
[19:24:52] INFO    [r0] step 1196: loss=0.105794  lr=1e-05  29.979s/step  grad_norm=2.00508  74.7GiB  rollout/backwards_per_step=4
[19:25:24] INFO    [r0] step 1197: loss=0.0771922  lr=1e-05  32.376s/step  grad_norm=0.632879  75.3GiB  rollout/backwards_per_step=4
[19:25:58] INFO    [r0] step 1198: loss=0.0133955  lr=1e-05  33.746s/step  grad_norm=0.437314  75.3GiB  rollout/backwards_per_step=4
[19:26:45] INFO    [r0] step 1199: loss=0.029949  lr=1e-05  46.846s/step  grad_norm=0.356299  79.5GiB  rollout/backwards_per_step=4
[19:27:50] INFO    [r0] step 1200: loss=0.024917  lr=1e-05  64.938s/step  grad_norm=0.374601  83.0GiB  rollout/backwards_per_step=4
[19:28:13] INFO    [r0] saved /mnt/shared/lihaoran/ssd/framework/anorak-dflow/ckps/krea2-tryon-DOPSD/step_0001200
[19:32:33] INFO    [r0] preview: 10 case(s) (student | phase-1) step 1200 -> /mnt/shared/lihaoran/ssd/framework/anorak-dflow/demo/2026-09-12/192813-001200
[19:32:57] INFO    [r0] step 1201: loss=0.0614794  lr=1e-05  23.586s/step  grad_norm=0.596112  72.8GiB  rollout/backwards_per_step=4
[19:33:24] INFO    [r0] step 1202: loss=0.0333423  lr=1e-05  26.821s/step  grad_norm=1.84363  73.8GiB  rollout/backwards_per_step=4
[19:34:02] INFO    [r0] step 1203: loss=0.0630593  lr=1e-05  37.757s/step  grad_norm=0.571042  76.8GiB  rollout/backwards_per_step=4
[19:34:24] INFO    [r0] step 1204: loss=0.0472019  lr=1e-05  22.129s/step  grad_norm=1.37654  72.6GiB  rollout/backwards_per_step=4
[19:35:26] INFO    [r0] step 1205: loss=0.0547717  lr=1e-05  62.592s/step  grad_norm=1.63082  82.7GiB  rollout/backwards_per_step=4
[19:36:16] INFO    [r0] step 1206: loss=0.0371339  lr=1e-05  49.994s/step  grad_norm=0.702518  79.3GiB  rollout/backwards_per_step=4
[19:36:38] INFO    [r0] step 1207: loss=0.0419217  lr=1e-05  22.041s/step  grad_norm=3.51708  72.4GiB  rollout/backwards_per_step=4
[19:37:12] INFO    [r0] step 1208: loss=0.123991  lr=1e-05  34.198s/step  grad_norm=1.84059  75.5GiB  rollout/backwards_per_step=4
[19:38:05] INFO    [r0] step 1209: loss=0.0561433  lr=1e-05  52.414s/step  grad_norm=1.43114  80.3GiB  rollout/backwards_per_step=4
[19:38:27] INFO    [r0] step 1210: loss=0.0581897  lr=1e-05  22.127s/step  grad_norm=3.51881  72.5GiB  rollout/backwards_per_step=4
[19:39:05] INFO    [r0] step 1211: loss=0.0778165  lr=1e-05  37.900s/step  grad_norm=2.09307  77.0GiB  rollout/backwards_per_step=4
[19:39:30] INFO    [r0] step 1212: loss=0.0396868  lr=1e-05  25.233s/step  grad_norm=1.20045  73.1GiB  rollout/backwards_per_step=4
[19:40:33] INFO    [r0] step 1213: loss=0.037074  lr=1e-05  62.466s/step  grad_norm=1.00552  82.5GiB  rollout/backwards_per_step=4
[19:41:29] INFO    [r0] step 1214: loss=0.0152578  lr=1e-05  55.966s/step  grad_norm=0.666056  81.0GiB  rollout/backwards_per_step=4
[19:41:54] INFO    [r0] step 1215: loss=0.0270638  lr=1e-05  25.610s/step  grad_norm=2.54089  73.6GiB  rollout/backwards_per_step=4
[19:42:41] INFO    [r0] step 1216: loss=0.132242  lr=1e-05  46.419s/step  grad_norm=1.36984  79.2GiB  rollout/backwards_per_step=4
[19:43:14] INFO    [r0] step 1217: loss=0.0249512  lr=1e-05  33.325s/step  grad_norm=0.715489  76.1GiB  rollout/backwards_per_step=4
[19:43:58] INFO    [r0] step 1218: loss=0.129419  lr=1e-05  44.261s/step  grad_norm=1.08601  78.6GiB  rollout/backwards_per_step=4
[19:44:29] INFO    [r0] step 1219: loss=0.0203123  lr=1e-05  30.850s/step  grad_norm=0.433861  75.0GiB  rollout/backwards_per_step=4
[19:45:23] INFO    [r0] step 1220: loss=0.024457  lr=1e-05  53.605s/step  grad_norm=0.51294  81.1GiB  rollout/backwards_per_step=4
[19:45:50] INFO    [r0] step 1221: loss=0.0806704  lr=1e-05  27.062s/step  grad_norm=1.38395  73.7GiB  rollout/backwards_per_step=4
[19:46:45] INFO    [r0] step 1222: loss=0.0409163  lr=1e-05  55.108s/step  grad_norm=1.25855  80.9GiB  rollout/backwards_per_step=4
[19:47:13] INFO    [r0] step 1223: loss=0.26581  lr=1e-05  28.650s/step  grad_norm=4.68551  74.2GiB  rollout/backwards_per_step=4
[19:47:34] INFO    [r0] step 1224: loss=0.0519855  lr=1e-05  20.590s/step  grad_norm=0.715205  72.4GiB  rollout/backwards_per_step=4
[19:48:36] INFO    [r0] step 1225: loss=0.0954032  lr=1e-05  62.382s/step  grad_norm=0.61794  82.3GiB  rollout/backwards_per_step=4
[19:49:03] INFO    [r0] step 1226: loss=0.0122955  lr=1e-05  26.141s/step  grad_norm=0.142584  73.3GiB  rollout/backwards_per_step=4
[19:49:55] INFO    [r0] step 1227: loss=0.0237949  lr=1e-05  52.236s/step  grad_norm=0.39531  79.9GiB  rollout/backwards_per_step=4
[19:50:21] INFO    [r0] step 1228: loss=0.0247808  lr=1e-05  26.275s/step  grad_norm=0.600416  73.3GiB  rollout/backwards_per_step=4
[19:51:16] INFO    [r0] step 1229: loss=0.0150359  lr=1e-05  54.638s/step  grad_norm=0.741113  80.9GiB  rollout/backwards_per_step=4
[19:52:09] INFO    [r0] step 1230: loss=0.0196974  lr=1e-05  53.130s/step  grad_norm=0.345723  80.7GiB  rollout/backwards_per_step=4
[19:52:49] INFO    [r0] step 1231: loss=0.0619097  lr=1e-05  40.394s/step  grad_norm=3.28268  77.5GiB  rollout/backwards_per_step=4
[19:53:38] INFO    [r0] step 1232: loss=0.0228558  lr=1e-05  48.302s/step  grad_norm=0.600104  79.0GiB  rollout/backwards_per_step=4
[19:54:06] INFO    [r0] step 1233: loss=0.0372194  lr=1e-05  28.685s/step  grad_norm=1.11459  74.4GiB  rollout/backwards_per_step=4
[19:55:04] INFO    [r0] step 1234: loss=0.0399865  lr=1e-05  58.041s/step  grad_norm=0.453176  81.6GiB  rollout/backwards_per_step=4
[19:55:32] INFO    [r0] step 1235: loss=0.0214825  lr=1e-05  27.423s/step  grad_norm=0.298798  73.9GiB  rollout/backwards_per_step=4
[19:56:10] INFO    [r0] step 1236: loss=0.0604144  lr=1e-05  38.023s/step  grad_norm=0.520172  77.2GiB  rollout/backwards_per_step=4
[19:57:09] INFO    [r0] step 1237: loss=0.0369093  lr=1e-05  59.340s/step  grad_norm=0.359177  81.5GiB  rollout/backwards_per_step=4
[19:57:49] INFO    [r0] step 1238: loss=0.0120971  lr=1e-05  40.176s/step  grad_norm=0.408785  77.4GiB  rollout/backwards_per_step=4
[19:58:13] INFO    [r0] step 1239: loss=0.0175865  lr=1e-05  23.766s/step  grad_norm=0.543769  73.1GiB  rollout/backwards_per_step=4
[19:58:37] INFO    [r0] step 1240: loss=0.0268435  lr=1e-05  23.682s/step  grad_norm=5.42623  73.1GiB  rollout/backwards_per_step=4
[19:59:32] INFO    [r0] step 1241: loss=0.0251619  lr=1e-05  55.133s/step  grad_norm=0.262185  80.9GiB  rollout/backwards_per_step=4
[20:00:00] INFO    [r0] step 1242: loss=0.0259311  lr=1e-05  27.725s/step  grad_norm=0.369837  73.7GiB  rollout/backwards_per_step=4
[20:00:22] INFO    [r0] step 1243: loss=0.0250889  lr=1e-05  22.131s/step  grad_norm=0.644852  72.5GiB  rollout/backwards_per_step=4
[20:00:51] INFO    [r0] step 1244: loss=0.046393  lr=1e-05  29.509s/step  grad_norm=0.599694  74.9GiB  rollout/backwards_per_step=4
[20:01:27] INFO    [r0] step 1245: loss=0.0624361  lr=1e-05  35.611s/step  grad_norm=0.642715  76.8GiB  rollout/backwards_per_step=4
[20:01:49] INFO    [r0] step 1246: loss=0.0641317  lr=1e-05  21.914s/step  grad_norm=3.18445  72.7GiB  rollout/backwards_per_step=4
[20:02:16] INFO    [r0] step 1247: loss=0.00688985  lr=1e-05  26.809s/step  grad_norm=0.190077  73.7GiB  rollout/backwards_per_step=4
[20:02:54] INFO    [r0] step 1248: loss=0.0884229  lr=1e-05  38.059s/step  grad_norm=0.898584  77.2GiB  rollout/backwards_per_step=4
[20:03:42] INFO    [r0] step 1249: loss=0.0322133  lr=1e-05  48.472s/step  grad_norm=0.316342  79.3GiB  rollout/backwards_per_step=4
[20:04:50] INFO    [r0] step 1250: loss=0.0278533  lr=1e-05  67.450s/step  grad_norm=0.518135  83.2GiB  rollout/backwards_per_step=4
[20:05:56] INFO    [r0] step 1251: loss=0.0247611  lr=1e-05  66.066s/step  grad_norm=0.307961  83.6GiB  rollout/backwards_per_step=4
[20:06:36] INFO    [r0] step 1252: loss=0.04391  lr=1e-05  40.450s/step  grad_norm=2.76018  77.6GiB  rollout/backwards_per_step=4
[20:07:29] INFO    [r0] step 1253: loss=0.0435299  lr=1e-05  52.587s/step  grad_norm=0.791519  80.5GiB  rollout/backwards_per_step=4
[20:08:09] INFO    [r0] step 1254: loss=0.0481914  lr=1e-05  40.266s/step  grad_norm=0.708949  77.4GiB  rollout/backwards_per_step=4
[20:08:58] INFO    [r0] step 1255: loss=0.0112096  lr=1e-05  48.709s/step  grad_norm=0.1316  79.5GiB  rollout/backwards_per_step=4
[20:09:46] INFO    [r0] step 1256: loss=0.0958022  lr=1e-05  48.835s/step  grad_norm=1.44051  79.4GiB  rollout/backwards_per_step=4
[20:10:23] INFO    [r0] step 1257: loss=0.0738207  lr=1e-05  36.477s/step  grad_norm=0.722232  77.1GiB  rollout/backwards_per_step=4
[20:11:14] INFO    [r0] step 1258: loss=0.0389262  lr=1e-05  50.769s/step  grad_norm=0.479928  79.9GiB  rollout/backwards_per_step=4
[20:11:39] INFO    [r0] step 1259: loss=0.023117  lr=1e-05  25.617s/step  grad_norm=1.21876  73.2GiB  rollout/backwards_per_step=4
[20:12:16] INFO    [r0] step 1260: loss=0.0142193  lr=1e-05  36.247s/step  grad_norm=1.63393  76.8GiB  rollout/backwards_per_step=4
[20:12:55] INFO    [r0] step 1261: loss=0.0492346  lr=1e-05  39.803s/step  grad_norm=2.30581  76.9GiB  rollout/backwards_per_step=4
[20:13:32] INFO    [r0] step 1262: loss=0.00894155  lr=1e-05  36.223s/step  grad_norm=0.304611  76.7GiB  rollout/backwards_per_step=4
[20:13:58] INFO    [r0] step 1263: loss=0.0209128  lr=1e-05  26.670s/step  grad_norm=0.298674  73.8GiB  rollout/backwards_per_step=4
[20:14:47] INFO    [r0] step 1264: loss=0.00975375  lr=1e-05  49.192s/step  grad_norm=0.14142  79.8GiB  rollout/backwards_per_step=4
[20:15:33] INFO    [r0] step 1265: loss=0.0191884  lr=1e-05  45.532s/step  grad_norm=0.87403  78.6GiB  rollout/backwards_per_step=4
[20:16:18] INFO    [r0] step 1266: loss=0.0286497  lr=1e-05  45.071s/step  grad_norm=0.919808  78.9GiB  rollout/backwards_per_step=4
[20:17:14] INFO    [r0] step 1267: loss=0.0349564  lr=1e-05  56.003s/step  grad_norm=1.67894  81.8GiB  rollout/backwards_per_step=4
[20:18:09] INFO    [r0] step 1268: loss=0.0329685  lr=1e-05  55.378s/step  grad_norm=1.48539  81.2GiB  rollout/backwards_per_step=4
[20:18:33] INFO    [r0] step 1269: loss=0.026286  lr=1e-05  23.646s/step  grad_norm=1.21414  73.0GiB  rollout/backwards_per_step=4
[20:19:00] INFO    [r0] step 1270: loss=0.0553115  lr=1e-05  27.404s/step  grad_norm=5.66816  73.8GiB  rollout/backwards_per_step=4
[20:19:41] INFO    [r0] step 1271: loss=0.0222102  lr=1e-05  40.411s/step  grad_norm=0.413598  77.5GiB  rollout/backwards_per_step=4
[20:20:43] INFO    [r0] step 1272: loss=0.0644546  lr=1e-05  61.730s/step  grad_norm=0.941797  82.0GiB  rollout/backwards_per_step=4
[20:21:11] INFO    [r0] step 1273: loss=0.0442966  lr=1e-05  27.973s/step  grad_norm=0.753423  73.7GiB  rollout/backwards_per_step=4
[20:22:14] INFO    [r0] step 1274: loss=0.0917213  lr=1e-05  63.388s/step  grad_norm=0.451816  82.9GiB  rollout/backwards_per_step=4
[20:23:06] INFO    [r0] step 1275: loss=0.116254  lr=1e-05  52.512s/step  grad_norm=4.54339  80.5GiB  rollout/backwards_per_step=4
[20:24:04] INFO    [r0] step 1276: loss=0.00706099  lr=1e-05  57.337s/step  grad_norm=0.109598  81.7GiB  rollout/backwards_per_step=4
[20:24:38] INFO    [r0] step 1277: loss=0.0271642  lr=1e-05  34.146s/step  grad_norm=0.927229  75.8GiB  rollout/backwards_per_step=4
[20:25:34] INFO    [r0] step 1278: loss=0.0256005  lr=1e-05  55.819s/step  grad_norm=1.83351  81.8GiB  rollout/backwards_per_step=4
[20:26:27] INFO    [r0] step 1279: loss=0.190708  lr=1e-05  53.559s/step  grad_norm=1.89805  80.8GiB  rollout/backwards_per_step=4
[20:27:31] INFO    [r0] step 1280: loss=0.0182856  lr=1e-05  63.177s/step  grad_norm=0.567551  82.7GiB  rollout/backwards_per_step=4
[20:28:23] INFO    [r0] step 1281: loss=0.131415  lr=1e-05  52.012s/step  grad_norm=3.75583  79.6GiB  rollout/backwards_per_step=4
[20:29:11] INFO    [r0] step 1282: loss=0.0292909  lr=1e-05  48.457s/step  grad_norm=0.799636  79.2GiB  rollout/backwards_per_step=4
[20:30:07] INFO    [r0] step 1283: loss=0.0162386  lr=1e-05  56.030s/step  grad_norm=0.230872  81.5GiB  rollout/backwards_per_step=4
[20:31:02] INFO    [r0] step 1284: loss=0.0520653  lr=1e-05  55.069s/step  grad_norm=0.50654  80.7GiB  rollout/backwards_per_step=4
[20:31:27] INFO    [r0] step 1285: loss=0.0133453  lr=1e-05  24.796s/step  grad_norm=0.500873  73.2GiB  rollout/backwards_per_step=4
[20:32:12] INFO    [r0] step 1286: loss=0.0592197  lr=1e-05  45.156s/step  grad_norm=0.487681  79.1GiB  rollout/backwards_per_step=4
[20:32:37] INFO    [r0] step 1287: loss=0.0479547  lr=1e-05  25.244s/step  grad_norm=5.10083  73.1GiB  rollout/backwards_per_step=4
[20:33:01] INFO    [r0] step 1288: loss=0.0137892  lr=1e-05  23.681s/step  grad_norm=0.660581  72.9GiB  rollout/backwards_per_step=4
[20:33:27] INFO    [r0] step 1289: loss=0.0749667  lr=1e-05  25.615s/step  grad_norm=0.402302  73.7GiB  rollout/backwards_per_step=4
[20:33:50] INFO    [r0] step 1290: loss=0.0411544  lr=1e-05  23.322s/step  grad_norm=0.830814  72.6GiB  rollout/backwards_per_step=4
[20:34:53] INFO    [r0] step 1291: loss=0.0739944  lr=1e-05  62.750s/step  grad_norm=1.4643  82.8GiB  rollout/backwards_per_step=4
[20:35:42] INFO    [r0] step 1292: loss=0.054728  lr=1e-05  48.871s/step  grad_norm=14.4697  79.5GiB  rollout/backwards_per_step=4
[20:36:54] INFO    [r0] step 1293: loss=0.0908198  lr=1e-05  72.462s/step  grad_norm=1.10724  84.3GiB  rollout/backwards_per_step=4
[20:37:43] INFO    [r0] step 1294: loss=0.0350083  lr=1e-05  48.786s/step  grad_norm=0.819134  79.6GiB  rollout/backwards_per_step=4
[20:38:17] INFO    [r0] step 1295: loss=0.0670023  lr=1e-05  34.389s/step  grad_norm=0.724338  76.0GiB  rollout/backwards_per_step=4
[20:39:19] INFO    [r0] step 1296: loss=0.0876835  lr=1e-05  62.287s/step  grad_norm=1.02865  82.3GiB  rollout/backwards_per_step=4
[20:40:16] INFO    [r0] step 1297: loss=0.0190748  lr=1e-05  57.021s/step  grad_norm=0.319012  81.9GiB  rollout/backwards_per_step=4
[20:40:56] INFO    [r0] step 1298: loss=0.0768804  lr=1e-05  39.739s/step  grad_norm=1.34178  77.1GiB  rollout/backwards_per_step=4
[20:41:24] INFO    [r0] step 1299: loss=0.0242663  lr=1e-05  27.734s/step  grad_norm=0.369586  73.9GiB  rollout/backwards_per_step=4
[20:42:08] INFO    [r0] step 1300: loss=0.0971536  lr=1e-05  44.338s/step  grad_norm=0.464474  78.5GiB  rollout/backwards_per_step=4
[20:42:52] INFO    [r0] step 1301: loss=0.0182289  lr=1e-05  44.127s/step  grad_norm=0.492522  78.6GiB  rollout/backwards_per_step=4
[20:43:17] INFO    [r0] step 1302: loss=0.0562353  lr=1e-05  24.774s/step  grad_norm=0.711348  73.0GiB  rollout/backwards_per_step=4
[20:44:11] INFO    [r0] step 1303: loss=0.0226699  lr=1e-05  53.378s/step  grad_norm=1.23088  81.0GiB  rollout/backwards_per_step=4
[20:44:51] INFO    [r0] step 1304: loss=0.0399267  lr=1e-05  40.348s/step  grad_norm=0.725345  77.6GiB  rollout/backwards_per_step=4
[20:45:13] INFO    [r0] step 1305: loss=0.0871538  lr=1e-05  22.464s/step  grad_norm=0.938093  72.8GiB  rollout/backwards_per_step=4
[20:45:34] INFO    [r0] step 1306: loss=0.0388805  lr=1e-05  20.897s/step  grad_norm=2.43634  72.4GiB  rollout/backwards_per_step=4
[20:46:01] INFO    [r0] step 1307: loss=0.0157007  lr=1e-05  26.817s/step  grad_norm=0.261182  73.7GiB  rollout/backwards_per_step=4
[20:46:59] INFO    [r0] step 1308: loss=0.0304435  lr=1e-05  57.860s/step  grad_norm=0.198082  81.3GiB  rollout/backwards_per_step=4
[20:47:27] INFO    [r0] step 1309: loss=0.0538813  lr=1e-05  28.225s/step  grad_norm=1.10752  74.1GiB  rollout/backwards_per_step=4
[20:48:21] INFO    [r0] step 1310: loss=0.0190124  lr=1e-05  53.430s/step  grad_norm=0.485711  80.9GiB  rollout/backwards_per_step=4
[20:49:16] INFO    [r0] step 1311: loss=0.0392528  lr=1e-05  55.741s/step  grad_norm=2.08415  81.8GiB  rollout/backwards_per_step=4
[20:49:41] INFO    [r0] step 1312: loss=0.0665771  lr=1e-05  24.376s/step  grad_norm=1.31295  73.2GiB  rollout/backwards_per_step=4
[20:50:26] INFO    [r0] step 1313: loss=0.0346379  lr=1e-05  45.660s/step  grad_norm=1.37282  78.5GiB  rollout/backwards_per_step=4
[20:50:48] INFO    [r0] step 1314: loss=0.0648896  lr=1e-05  22.005s/step  grad_norm=0.43493  72.3GiB  rollout/backwards_per_step=4
[20:51:42] INFO    [r0] step 1315: loss=0.0212881  lr=1e-05  53.279s/step  grad_norm=0.89165  80.5GiB  rollout/backwards_per_step=4
[20:52:05] INFO    [r0] step 1316: loss=0.0312406  lr=1e-05  23.281s/step  grad_norm=0.43708  72.6GiB  rollout/backwards_per_step=4
[20:52:58] INFO    [r0] step 1317: loss=0.0343734  lr=1e-05  53.114s/step  grad_norm=0.411233  80.8GiB  rollout/backwards_per_step=4
[20:53:28] INFO    [r0] step 1318: loss=0.048214  lr=1e-05  30.166s/step  grad_norm=1.0982  74.9GiB  rollout/backwards_per_step=4
[20:53:55] INFO    [r0] step 1319: loss=0.0142358  lr=1e-05  26.746s/step  grad_norm=0.479429  73.5GiB  rollout/backwards_per_step=4
[20:54:22] INFO    [r0] step 1320: loss=0.010793  lr=1e-05  27.068s/step  grad_norm=0.467201  74.1GiB  rollout/backwards_per_step=4
[20:55:15] INFO    [r0] step 1321: loss=0.0579963  lr=1e-05  53.306s/step  grad_norm=0.738246  80.7GiB  rollout/backwards_per_step=4
[20:55:42] INFO    [r0] step 1322: loss=0.0590116  lr=1e-05  26.555s/step  grad_norm=1.80854  73.7GiB  rollout/backwards_per_step=4
[20:56:27] INFO    [r0] step 1323: loss=0.0243506  lr=1e-05  44.989s/step  grad_norm=0.28008  78.9GiB  rollout/backwards_per_step=4
[20:57:32] INFO    [r0] step 1324: loss=0.0641598  lr=1e-05  64.618s/step  grad_norm=0.415896  82.9GiB  rollout/backwards_per_step=4
[20:57:52] INFO    [r0] step 1325: loss=0.0144524  lr=1e-05  20.722s/step  grad_norm=0.324952  72.5GiB  rollout/backwards_per_step=4
[20:58:19] INFO    [r0] step 1326: loss=0.141248  lr=1e-05  27.031s/step  grad_norm=1.20869  73.8GiB  rollout/backwards_per_step=4
[20:59:03] INFO    [r0] step 1327: loss=0.0397593  lr=1e-05  44.154s/step  grad_norm=0.583215  78.3GiB  rollout/backwards_per_step=4
[20:59:40] INFO    [r0] step 1328: loss=0.0203653  lr=1e-05  36.698s/step  grad_norm=0.503544  77.2GiB  rollout/backwards_per_step=4
[21:00:45] INFO    [r0] step 1329: loss=0.0291356  lr=1e-05  64.951s/step  grad_norm=0.642996  83.2GiB  rollout/backwards_per_step=4
[21:01:08] INFO    [r0] step 1330: loss=0.0985006  lr=1e-05  22.712s/step  grad_norm=0.58325  73.2GiB  rollout/backwards_per_step=4
[21:01:27] INFO    [r0] step 1331: loss=0.0409164  lr=1e-05  19.099s/step  grad_norm=0.678924  71.4GiB  rollout/backwards_per_step=4
[21:01:52] INFO    [r0] step 1332: loss=0.0422507  lr=1e-05  24.847s/step  grad_norm=0.933813  73.3GiB  rollout/backwards_per_step=4
[21:02:20] INFO    [r0] step 1333: loss=0.0143306  lr=1e-05  28.233s/step  grad_norm=0.274251  74.2GiB  rollout/backwards_per_step=4
[21:03:04] INFO    [r0] step 1334: loss=0.0496356  lr=1e-05  43.923s/step  grad_norm=1.25544  78.3GiB  rollout/backwards_per_step=4
[21:03:57] INFO    [r0] step 1335: loss=0.0814713  lr=1e-05  53.192s/step  grad_norm=0.792518  80.6GiB  rollout/backwards_per_step=4
[21:04:38] INFO    [r0] step 1336: loss=0.044105  lr=1e-05  40.440s/step  grad_norm=2.21668  77.6GiB  rollout/backwards_per_step=4
[21:05:50] INFO    [r0] step 1337: loss=0.0392314  lr=1e-05  72.765s/step  grad_norm=0.765868  84.3GiB  rollout/backwards_per_step=4
[21:06:58] INFO    [r0] step 1338: loss=0.0528114  lr=1e-05  68.053s/step  grad_norm=1.53089  83.4GiB  rollout/backwards_per_step=4
[21:07:28] INFO    [r0] step 1339: loss=0.0155662  lr=1e-05  29.964s/step  grad_norm=0.188306  75.1GiB  rollout/backwards_per_step=4
[21:08:13] INFO    [r0] step 1340: loss=0.0591922  lr=1e-05  44.276s/step  grad_norm=1.36952  78.8GiB  rollout/backwards_per_step=4
[21:08:40] INFO    [r0] step 1341: loss=0.0192466  lr=1e-05  27.447s/step  grad_norm=0.379226  74.0GiB  rollout/backwards_per_step=4
[21:09:20] INFO    [r0] step 1342: loss=0.0568705  lr=1e-05  39.580s/step  grad_norm=2.43386  76.9GiB  rollout/backwards_per_step=4
[21:10:19] INFO    [r0] step 1343: loss=0.0214054  lr=1e-05  58.988s/step  grad_norm=0.545604  82.2GiB  rollout/backwards_per_step=4
[21:10:45] INFO    [r0] step 1344: loss=0.0632808  lr=1e-05  26.556s/step  grad_norm=0.863443  73.5GiB  rollout/backwards_per_step=4
[21:11:13] INFO    [r0] step 1345: loss=0.0467381  lr=1e-05  27.473s/step  grad_norm=1.34611  74.0GiB  rollout/backwards_per_step=4
[21:11:41] INFO    [r0] step 1346: loss=0.0507769  lr=1e-05  28.163s/step  grad_norm=3.07261  74.0GiB  rollout/backwards_per_step=4
[21:12:01] INFO    [r0] step 1347: loss=0.0679825  lr=1e-05  20.568s/step  grad_norm=0.891341  72.2GiB  rollout/backwards_per_step=4
[21:12:31] INFO    [r0] step 1348: loss=0.0184509  lr=1e-05  29.531s/step  grad_norm=0.316295  74.9GiB  rollout/backwards_per_step=4
[21:13:26] INFO    [r0] step 1349: loss=0.020474  lr=1e-05  55.171s/step  grad_norm=0.326555  80.9GiB  rollout/backwards_per_step=4
[21:14:20] INFO    [r0] step 1350: loss=0.020977  lr=1e-05  53.470s/step  grad_norm=1.31235  81.0GiB  rollout/backwards_per_step=4
[21:15:22] INFO    [r0] step 1351: loss=0.0288841  lr=1e-05  62.471s/step  grad_norm=0.264134  82.5GiB  rollout/backwards_per_step=4
[21:16:14] INFO    [r0] step 1352: loss=0.0895007  lr=1e-05  52.386s/step  grad_norm=0.552151  80.3GiB  rollout/backwards_per_step=4
[21:17:00] INFO    [r0] step 1353: loss=0.051145  lr=1e-05  45.947s/step  grad_norm=1.38508  78.8GiB  rollout/backwards_per_step=4
[21:17:33] INFO    [r0] step 1354: loss=0.092247  lr=1e-05  32.337s/step  grad_norm=0.531219  75.2GiB  rollout/backwards_per_step=4
[21:18:31] INFO    [r0] step 1355: loss=0.0151636  lr=1e-05  57.926s/step  grad_norm=0.246197  81.5GiB  rollout/backwards_per_step=4
[21:18:53] INFO    [r0] step 1356: loss=0.0551941  lr=1e-05  22.098s/step  grad_norm=0.674667  72.4GiB  rollout/backwards_per_step=4
[21:19:45] INFO    [r0] step 1357: loss=0.033518  lr=1e-05  52.467s/step  grad_norm=1.41012  80.4GiB  rollout/backwards_per_step=4
[21:20:38] INFO    [r0] step 1358: loss=0.0538626  lr=1e-05  52.388s/step  grad_norm=0.567089  80.2GiB  rollout/backwards_per_step=4
[21:21:11] INFO    [r0] step 1359: loss=0.0130336  lr=1e-05  33.620s/step  grad_norm=1.29112  75.6GiB  rollout/backwards_per_step=4
[21:21:38] INFO    [r0] step 1360: loss=0.0113054  lr=1e-05  26.765s/step  grad_norm=0.0959139  73.6GiB  rollout/backwards_per_step=4
[21:22:05] INFO    [r0] step 1361: loss=0.0713432  lr=1e-05  26.986s/step  grad_norm=5.19721  73.8GiB  rollout/backwards_per_step=4
[21:22:58] INFO    [r0] step 1362: loss=0.0513831  lr=1e-05  52.580s/step  grad_norm=0.774004  80.3GiB  rollout/backwards_per_step=4
[21:23:48] INFO    [r0] step 1363: loss=0.0557766  lr=1e-05  50.267s/step  grad_norm=1.70494  79.9GiB  rollout/backwards_per_step=4
[21:24:44] INFO    [r0] step 1364: loss=0.041809  lr=1e-05  55.743s/step  grad_norm=0.872637  81.7GiB  rollout/backwards_per_step=4
[21:25:07] INFO    [r0] step 1365: loss=0.0848165  lr=1e-05  23.658s/step  grad_norm=1.70418  73.0GiB  rollout/backwards_per_step=4
[21:25:54] INFO    [r0] step 1366: loss=0.0181863  lr=1e-05  46.799s/step  grad_norm=0.263097  79.5GiB  rollout/backwards_per_step=4
[21:26:53] INFO    [r0] step 1367: loss=0.0258926  lr=1e-05  58.654s/step  grad_norm=0.873159  81.7GiB  rollout/backwards_per_step=4
[21:27:25] INFO    [r0] step 1368: loss=0.0168945  lr=1e-05  32.337s/step  grad_norm=0.492691  75.6GiB  rollout/backwards_per_step=4
[21:28:01] INFO    [r0] step 1369: loss=0.0121279  lr=1e-05  36.092s/step  grad_norm=0.295877  76.6GiB  rollout/backwards_per_step=4
[21:28:50] INFO    [r0] step 1370: loss=0.0319527  lr=1e-05  48.483s/step  grad_norm=3.41194  79.3GiB  rollout/backwards_per_step=4
[21:29:16] INFO    [r0] step 1371: loss=0.057144  lr=1e-05  26.736s/step  grad_norm=1.02916  73.7GiB  rollout/backwards_per_step=4
[21:30:05] INFO    [r0] step 1372: loss=0.0266199  lr=1e-05  48.532s/step  grad_norm=0.752899  80.1GiB  rollout/backwards_per_step=4
[21:30:31] INFO    [r0] step 1373: loss=0.0346522  lr=1e-05  26.175s/step  grad_norm=0.637081  73.4GiB  rollout/backwards_per_step=4
[21:31:05] INFO    [r0] step 1374: loss=0.0271839  lr=1e-05  34.399s/step  grad_norm=0.141082  76.1GiB  rollout/backwards_per_step=4
[21:31:46] INFO    [r0] step 1375: loss=0.0643815  lr=1e-05  40.242s/step  grad_norm=1.22347  77.2GiB  rollout/backwards_per_step=4
[21:32:41] INFO    [r0] step 1376: loss=0.0129409  lr=1e-05  55.295s/step  grad_norm=0.352418  81.3GiB  rollout/backwards_per_step=4
[21:33:10] INFO    [r0] step 1377: loss=0.0269152  lr=1e-05  28.711s/step  grad_norm=0.813795  74.3GiB  rollout/backwards_per_step=4
[21:33:37] INFO    [r0] step 1378: loss=0.040291  lr=1e-05  27.397s/step  grad_norm=0.541644  73.8GiB  rollout/backwards_per_step=4
[21:34:32] INFO    [r0] step 1379: loss=0.0894028  lr=1e-05  54.515s/step  grad_norm=1.82178  80.7GiB  rollout/backwards_per_step=4
[21:34:59] INFO    [r0] step 1380: loss=0.0167702  lr=1e-05  26.955s/step  grad_norm=0.239243  74.0GiB  rollout/backwards_per_step=4
[21:35:21] INFO    [r0] step 1381: loss=0.0493164  lr=1e-05  22.132s/step  grad_norm=2.51321  72.4GiB  rollout/backwards_per_step=4
[21:35:57] INFO    [r0] step 1382: loss=0.0504727  lr=1e-05  36.212s/step  grad_norm=1.20208  76.7GiB  rollout/backwards_per_step=4
[21:36:37] INFO    [r0] step 1383: loss=0.0270112  lr=1e-05  40.096s/step  grad_norm=0.529698  77.2GiB  rollout/backwards_per_step=4
[21:37:17] INFO    [r0] step 1384: loss=0.0152599  lr=1e-05  40.339s/step  grad_norm=0.151242  77.6GiB  rollout/backwards_per_step=4
[21:38:20] INFO    [r0] step 1385: loss=0.0394886  lr=1e-05  62.729s/step  grad_norm=1.39059  82.6GiB  rollout/backwards_per_step=4
[21:39:00] INFO    [r0] step 1386: loss=0.0936086  lr=1e-05  39.616s/step  grad_norm=1.21676  77.3GiB  rollout/backwards_per_step=4
[21:39:55] INFO    [r0] step 1387: loss=0.0348136  lr=1e-05  55.019s/step  grad_norm=1.01467  81.1GiB  rollout/backwards_per_step=4
[21:40:53] INFO    [r0] step 1388: loss=0.05309  lr=1e-05  58.081s/step  grad_norm=8.24396  81.6GiB  rollout/backwards_per_step=4
[21:41:55] INFO    [r0] step 1389: loss=0.0140377  lr=1e-05  62.467s/step  grad_norm=0.351677  82.4GiB  rollout/backwards_per_step=4
[21:42:58] INFO    [r0] step 1390: loss=0.0182146  lr=1e-05  62.680s/step  grad_norm=0.330044  82.6GiB  rollout/backwards_per_step=4
[21:43:53] INFO    [r0] step 1391: loss=0.0839292  lr=1e-05  55.139s/step  grad_norm=1.00845  80.9GiB  rollout/backwards_per_step=4
[21:44:16] INFO    [r0] step 1392: loss=0.0335057  lr=1e-05  23.396s/step  grad_norm=1.05516  72.7GiB  rollout/backwards_per_step=4
[21:44:57] INFO    [r0] step 1393: loss=0.0435331  lr=1e-05  40.931s/step  grad_norm=1.37555  77.4GiB  rollout/backwards_per_step=4
[21:45:43] INFO    [r0] step 1394: loss=0.0164618  lr=1e-05  45.919s/step  grad_norm=0.245146  79.0GiB  rollout/backwards_per_step=4
[21:46:19] INFO    [r0] step 1395: loss=0.0270586  lr=1e-05  36.208s/step  grad_norm=0.868484  76.7GiB  rollout/backwards_per_step=4
[21:47:00] INFO    [r0] step 1396: loss=0.0261873  lr=1e-05  40.306s/step  grad_norm=0.478404  77.5GiB  rollout/backwards_per_step=4
[21:47:24] INFO    [r0] step 1397: loss=0.0264386  lr=1e-05  23.872s/step  grad_norm=0.628238  73.2GiB  rollout/backwards_per_step=4
[21:48:22] INFO    [r0] step 1398: loss=0.0341542  lr=1e-05  57.900s/step  grad_norm=1.17283  81.4GiB  rollout/backwards_per_step=4
[21:49:08] INFO    [r0] step 1399: loss=0.0425754  lr=1e-05  46.427s/step  grad_norm=1.39116  79.0GiB  rollout/backwards_per_step=4
[21:50:13] INFO    [r0] step 1400: loss=0.0350559  lr=1e-05  65.465s/step  grad_norm=1.01154  83.6GiB  rollout/backwards_per_step=4
[21:50:42] INFO    [r0] step 1401: loss=0.0418389  lr=1e-05  28.940s/step  grad_norm=0.693284  74.7GiB  rollout/backwards_per_step=4
[21:51:05] INFO    [r0] step 1402: loss=0.10378  lr=1e-05  22.198s/step  grad_norm=1.91444  72.7GiB  rollout/backwards_per_step=4
[21:51:42] INFO    [r0] step 1403: loss=0.0601242  lr=1e-05  37.843s/step  grad_norm=0.558214  77.0GiB  rollout/backwards_per_step=4
[21:52:05] INFO    [r0] step 1404: loss=0.0222799  lr=1e-05  22.472s/step  grad_norm=0.173034  72.8GiB  rollout/backwards_per_step=4
[21:52:27] INFO    [r0] step 1405: loss=0.125942  lr=1e-05  22.504s/step  grad_norm=1.58345  72.5GiB  rollout/backwards_per_step=4
[21:52:53] INFO    [r0] step 1406: loss=0.0170682  lr=1e-05  25.601s/step  grad_norm=0.377172  73.6GiB  rollout/backwards_per_step=4
[21:53:40] INFO    [r0] step 1407: loss=0.102141  lr=1e-05  46.634s/step  grad_norm=1.73643  79.1GiB  rollout/backwards_per_step=4
[21:54:26] INFO    [r0] step 1408: loss=0.0309737  lr=1e-05  45.941s/step  grad_norm=0.609225  78.8GiB  rollout/backwards_per_step=4
[21:54:48] INFO    [r0] step 1409: loss=0.028908  lr=1e-05  22.378s/step  grad_norm=0.684218  72.7GiB  rollout/backwards_per_step=4
[21:55:16] INFO    [r0] step 1410: loss=0.0760952  lr=1e-05  28.377s/step  grad_norm=0.810628  74.2GiB  rollout/backwards_per_step=4
[21:55:42] INFO    [r0] step 1411: loss=0.0290563  lr=1e-05  25.634s/step  grad_norm=0.220345  73.4GiB  rollout/backwards_per_step=4
[21:56:51] INFO    [r0] step 1412: loss=0.0177384  lr=1e-05  69.447s/step  grad_norm=0.581082  83.3GiB  rollout/backwards_per_step=4
[21:57:35] INFO    [r0] step 1413: loss=0.0545446  lr=1e-05  43.427s/step  grad_norm=0.531931  77.6GiB  rollout/backwards_per_step=4
[21:58:24] INFO    [r0] step 1414: loss=0.0162154  lr=1e-05  48.728s/step  grad_norm=0.298455  80.4GiB  rollout/backwards_per_step=4
[21:58:45] INFO    [r0] step 1415: loss=0.10257  lr=1e-05  21.150s/step  grad_norm=0.941519  72.5GiB  rollout/backwards_per_step=4
[21:59:24] INFO    [r0] step 1416: loss=0.0139402  lr=1e-05  39.630s/step  grad_norm=0.979825  77.4GiB  rollout/backwards_per_step=4
[22:00:18] INFO    [r0] step 1417: loss=0.0599871  lr=1e-05  53.294s/step  grad_norm=1.06374  80.6GiB  rollout/backwards_per_step=4
[22:00:45] INFO    [r0] step 1418: loss=0.0368985  lr=1e-05  27.062s/step  grad_norm=0.752253  73.8GiB  rollout/backwards_per_step=4
[22:01:53] INFO    [r0] step 1419: loss=0.0323264  lr=1e-05  68.353s/step  grad_norm=1.01992  83.7GiB  rollout/backwards_per_step=4
[22:02:17] INFO    [r0] step 1420: loss=0.0428334  lr=1e-05  23.593s/step  grad_norm=0.829862  72.8GiB  rollout/backwards_per_step=4
[22:02:42] INFO    [r0] step 1421: loss=0.0314886  lr=1e-05  25.615s/step  grad_norm=0.81981  73.4GiB  rollout/backwards_per_step=4
[22:03:47] INFO    [r0] step 1422: loss=0.0433956  lr=1e-05  64.533s/step  grad_norm=0.252459  82.6GiB  rollout/backwards_per_step=4
[22:04:12] INFO    [r0] step 1423: loss=0.0312803  lr=1e-05  25.528s/step  grad_norm=0.382683  73.6GiB  rollout/backwards_per_step=4
[22:04:39] INFO    [r0] step 1424: loss=0.0198541  lr=1e-05  26.577s/step  grad_norm=1.05895  73.7GiB  rollout/backwards_per_step=4
[22:05:03] INFO    [r0] step 1425: loss=0.00969171  lr=1e-05  23.659s/step  grad_norm=0.150424  73.0GiB  rollout/backwards_per_step=4
[22:05:53] INFO    [r0] step 1426: loss=0.0289307  lr=1e-05  50.466s/step  grad_norm=1.4943  80.1GiB  rollout/backwards_per_step=4
[22:06:38] INFO    [r0] step 1427: loss=0.0209508  lr=1e-05  44.983s/step  grad_norm=0.392951  79.1GiB  rollout/backwards_per_step=4
[22:07:32] INFO    [r0] step 1428: loss=0.0188918  lr=1e-05  54.452s/step  grad_norm=0.284981  80.6GiB  rollout/backwards_per_step=4
[22:07:55] INFO    [r0] step 1429: loss=0.0614675  lr=1e-05  22.133s/step  grad_norm=1.59495  72.5GiB  rollout/backwards_per_step=4
[22:08:33] INFO    [r0] step 1430: loss=0.0692118  lr=1e-05  38.104s/step  grad_norm=0.876581  77.3GiB  rollout/backwards_per_step=4
[22:09:35] INFO    [r0] step 1431: loss=0.0104791  lr=1e-05  62.185s/step  grad_norm=0.327561  82.1GiB  rollout/backwards_per_step=4
[22:10:37] INFO    [r0] step 1432: loss=0.0280181  lr=1e-05  62.486s/step  grad_norm=0.465309  82.5GiB  rollout/backwards_per_step=4
[22:11:33] INFO    [r0] step 1433: loss=0.0286977  lr=1e-05  55.172s/step  grad_norm=1.18462  81.2GiB  rollout/backwards_per_step=4
[22:12:31] INFO    [r0] step 1434: loss=0.05673  lr=1e-05  57.967s/step  grad_norm=0.366914  81.4GiB  rollout/backwards_per_step=4
[22:13:36] INFO    [r0] step 1435: loss=0.0259498  lr=1e-05  65.105s/step  grad_norm=0.759506  83.2GiB  rollout/backwards_per_step=4
[22:14:16] INFO    [r0] step 1436: loss=0.0167483  lr=1e-05  40.849s/step  grad_norm=0.530662  77.2GiB  rollout/backwards_per_step=4
[22:15:10] INFO    [r0] step 1437: loss=0.0325262  lr=1e-05  53.397s/step  grad_norm=1.69343  81.1GiB  rollout/backwards_per_step=4
[22:15:37] INFO    [r0] step 1438: loss=0.0918449  lr=1e-05  26.971s/step  grad_norm=3.02914  74.0GiB  rollout/backwards_per_step=4
[22:16:07] INFO    [r0] step 1439: loss=0.0366226  lr=1e-05  29.971s/step  grad_norm=3.80488  74.7GiB  rollout/backwards_per_step=4
[22:16:59] INFO    [r0] step 1440: loss=0.0253018  lr=1e-05  52.570s/step  grad_norm=0.479537  80.4GiB  rollout/backwards_per_step=4
[22:17:40] INFO    [r0] step 1441: loss=0.0109338  lr=1e-05  40.435s/step  grad_norm=0.278136  77.6GiB  rollout/backwards_per_step=4
[22:18:29] INFO    [r0] step 1442: loss=0.0296102  lr=1e-05  49.219s/step  grad_norm=0.981887  79.1GiB  rollout/backwards_per_step=4
[22:18:56] INFO    [r0] step 1443: loss=0.056838  lr=1e-05  26.724s/step  grad_norm=0.602327  73.7GiB  rollout/backwards_per_step=4
[22:19:44] INFO    [r0] step 1444: loss=0.0365019  lr=1e-05  48.480s/step  grad_norm=1.5751  80.1GiB  rollout/backwards_per_step=4
[22:20:28] INFO    [r0] step 1445: loss=0.0712851  lr=1e-05  43.766s/step  grad_norm=1.70283  78.2GiB  rollout/backwards_per_step=4
[22:21:33] INFO    [r0] step 1446: loss=0.020345  lr=1e-05  64.891s/step  grad_norm=0.392817  83.0GiB  rollout/backwards_per_step=4
[22:21:50] INFO    [r0] step 1447: loss=0.0770913  lr=1e-05  16.861s/step  grad_norm=0.824221  71.0GiB  rollout/backwards_per_step=4
[22:22:45] INFO    [r0] step 1448: loss=0.039763  lr=1e-05  54.893s/step  grad_norm=0.416171  80.8GiB  rollout/backwards_per_step=4
[22:23:23] INFO    [r0] step 1449: loss=0.0144446  lr=1e-05  38.062s/step  grad_norm=0.22354  77.2GiB  rollout/backwards_per_step=4
[22:24:14] INFO    [r0] step 1450: loss=0.0245933  lr=1e-05  51.166s/step  grad_norm=0.818423  80.4GiB  rollout/backwards_per_step=4
[22:25:14] INFO    [r0] step 1451: loss=0.0637709  lr=1e-05  60.373s/step  grad_norm=0.731896  81.6GiB  rollout/backwards_per_step=4
[22:26:09] INFO    [r0] step 1452: loss=0.0324952  lr=1e-05  55.127s/step  grad_norm=1.14766  80.9GiB  rollout/backwards_per_step=4
[22:27:02] INFO    [r0] step 1453: loss=0.0522157  lr=1e-05  52.577s/step  grad_norm=0.683344  80.4GiB  rollout/backwards_per_step=4
[22:27:24] INFO    [r0] step 1454: loss=0.0697791  lr=1e-05  22.144s/step  grad_norm=0.563836  72.5GiB  rollout/backwards_per_step=4
[22:28:11] INFO    [r0] step 1455: loss=0.032688  lr=1e-05  46.599s/step  grad_norm=0.487528  78.7GiB  rollout/backwards_per_step=4
[22:29:09] INFO    [r0] step 1456: loss=0.0799433  lr=1e-05  58.586s/step  grad_norm=0.856661  81.8GiB  rollout/backwards_per_step=4
[22:30:07] INFO    [r0] step 1457: loss=0.0289559  lr=1e-05  58.007s/step  grad_norm=1.29275  81.5GiB  rollout/backwards_per_step=4
[22:30:47] INFO    [r0] step 1458: loss=0.0134036  lr=1e-05  39.705s/step  grad_norm=0.17285  77.7GiB  rollout/backwards_per_step=4
[22:31:50] INFO    [r0] step 1459: loss=0.0355727  lr=1e-05  63.172s/step  grad_norm=0.809351  82.9GiB  rollout/backwards_per_step=4
[22:32:55] INFO    [r0] step 1460: loss=0.0503394  lr=1e-05  64.736s/step  grad_norm=0.497717  82.7GiB  rollout/backwards_per_step=4
[22:33:30] INFO    [r0] step 1461: loss=0.0313133  lr=1e-05  34.931s/step  grad_norm=0.743025  76.4GiB  rollout/backwards_per_step=4
[22:34:35] INFO    [r0] step 1462: loss=0.0585478  lr=1e-05  64.905s/step  grad_norm=0.829768  83.0GiB  rollout/backwards_per_step=4
[22:35:21] INFO    [r0] step 1463: loss=0.059765  lr=1e-05  46.515s/step  grad_norm=0.67652  79.1GiB  rollout/backwards_per_step=4
[22:35:59] INFO    [r0] step 1464: loss=0.00881805  lr=1e-05  38.090s/step  grad_norm=0.180227  77.2GiB  rollout/backwards_per_step=4
[22:36:25] INFO    [r0] step 1465: loss=0.0263941  lr=1e-05  25.461s/step  grad_norm=0.370394  73.7GiB  rollout/backwards_per_step=4
[22:37:36] INFO    [r0] step 1466: loss=0.0344557  lr=1e-05  71.446s/step  grad_norm=0.78323  83.4GiB  rollout/backwards_per_step=4
[22:38:16] INFO    [r0] step 1467: loss=0.0501909  lr=1e-05  40.120s/step  grad_norm=0.46086  77.3GiB  rollout/backwards_per_step=4
[22:39:26] INFO    [r0] step 1468: loss=0.0382671  lr=1e-05  69.300s/step  grad_norm=0.625087  83.6GiB  rollout/backwards_per_step=4
[22:39:59] INFO    [r0] step 1469: loss=0.0243855  lr=1e-05  33.780s/step  grad_norm=0.481054  75.7GiB  rollout/backwards_per_step=4
[22:40:28] INFO    [r0] step 1470: loss=0.0513237  lr=1e-05  28.098s/step  grad_norm=5.70884  73.9GiB  rollout/backwards_per_step=4
[22:40:50] INFO    [r0] step 1471: loss=0.0667821  lr=1e-05  22.478s/step  grad_norm=0.569076  72.8GiB  rollout/backwards_per_step=4
[22:41:37] INFO    [r0] step 1472: loss=0.0207847  lr=1e-05  47.048s/step  grad_norm=1.23894  80.0GiB  rollout/backwards_per_step=4
[22:41:58] INFO    [r0] step 1473: loss=0.0381478  lr=1e-05  20.656s/step  grad_norm=0.370788  72.2GiB  rollout/backwards_per_step=4
[22:42:38] INFO    [r0] step 1474: loss=0.0219074  lr=1e-05  40.433s/step  grad_norm=0.502577  77.5GiB  rollout/backwards_per_step=4
[22:43:02] INFO    [r0] step 1475: loss=0.121964  lr=1e-05  23.839s/step  grad_norm=2.27844  73.2GiB  rollout/backwards_per_step=4
[22:44:04] INFO    [r0] step 1476: loss=0.0195417  lr=1e-05  61.857s/step  grad_norm=0.413725  82.2GiB  rollout/backwards_per_step=4
[22:44:50] INFO    [r0] step 1477: loss=0.0188365  lr=1e-05  46.445s/step  grad_norm=0.159549  79.1GiB  rollout/backwards_per_step=4
[22:45:24] INFO    [r0] step 1478: loss=0.0215438  lr=1e-05  34.116s/step  grad_norm=0.64254  75.5GiB  rollout/backwards_per_step=4
[22:45:47] INFO    [r0] step 1479: loss=0.0584845  lr=1e-05  22.462s/step  grad_norm=1.19391  72.8GiB  rollout/backwards_per_step=4
[22:46:08] INFO    [r0] step 1480: loss=0.0290136  lr=1e-05  20.929s/step  grad_norm=0.351081  72.1GiB  rollout/backwards_per_step=4
[22:47:03] INFO    [r0] step 1481: loss=0.0216475  lr=1e-05  55.053s/step  grad_norm=0.166  80.9GiB  rollout/backwards_per_step=4
[22:47:42] INFO    [r0] step 1482: loss=0.0113144  lr=1e-05  39.222s/step  grad_norm=0.194875  77.0GiB  rollout/backwards_per_step=4
[22:48:07] INFO    [r0] step 1483: loss=0.0184458  lr=1e-05  24.824s/step  grad_norm=0.417383  73.4GiB  rollout/backwards_per_step=4
[22:48:55] INFO    [r0] step 1484: loss=0.0455734  lr=1e-05  48.173s/step  grad_norm=1.87551  79.4GiB  rollout/backwards_per_step=4
[22:49:39] INFO    [r0] step 1485: loss=0.0725952  lr=1e-05  44.245s/step  grad_norm=0.710391  78.7GiB  rollout/backwards_per_step=4
[22:50:28] INFO    [r0] step 1486: loss=0.0319727  lr=1e-05  48.166s/step  grad_norm=0.886103  79.5GiB  rollout/backwards_per_step=4
[22:51:06] INFO    [r0] step 1487: loss=0.0188796  lr=1e-05  38.794s/step  grad_norm=0.654487  76.8GiB  rollout/backwards_per_step=4
[22:51:27] INFO    [r0] step 1488: loss=0.0226983  lr=1e-05  20.534s/step  grad_norm=0.254672  72.3GiB  rollout/backwards_per_step=4
[22:52:12] INFO    [r0] step 1489: loss=0.0376018  lr=1e-05  44.983s/step  grad_norm=1.23522  78.9GiB  rollout/backwards_per_step=4
[22:53:23] INFO    [r0] step 1490: loss=0.0133575  lr=1e-05  70.952s/step  grad_norm=0.318556  84.0GiB  rollout/backwards_per_step=4
[22:53:44] INFO    [r0] step 1491: loss=0.0263548  lr=1e-05  21.101s/step  grad_norm=1.38029  72.6GiB  rollout/backwards_per_step=4
[22:54:20] INFO    [r0] step 1492: loss=0.0141016  lr=1e-05  36.200s/step  grad_norm=0.320738  76.7GiB  rollout/backwards_per_step=4
[22:55:04] INFO    [r0] step 1493: loss=0.182601  lr=1e-05  44.060s/step  grad_norm=10.0935  78.4GiB  rollout/backwards_per_step=4
[22:56:07] INFO    [r0] step 1494: loss=0.00830882  lr=1e-05  62.652s/step  grad_norm=0.29194  82.6GiB  rollout/backwards_per_step=4
[22:56:53] INFO    [r0] step 1495: loss=0.0226134  lr=1e-05  46.557s/step  grad_norm=0.55961  79.2GiB  rollout/backwards_per_step=4
[22:57:20] INFO    [r0] step 1496: loss=0.0765523  lr=1e-05  26.539s/step  grad_norm=14.498  73.6GiB  rollout/backwards_per_step=4
[22:57:43] INFO    [r0] step 1497: loss=0.0172998  lr=1e-05  23.363s/step  grad_norm=0.183868  72.8GiB  rollout/backwards_per_step=4
[22:58:36] INFO    [r0] step 1498: loss=0.0165407  lr=1e-05  52.658s/step  grad_norm=0.255589  80.3GiB  rollout/backwards_per_step=4
[22:59:20] INFO    [r0] step 1499: loss=0.0337699  lr=1e-05  44.270s/step  grad_norm=0.338769  78.7GiB  rollout/backwards_per_step=4
[22:59:48] INFO    [r0] step 1500: loss=0.0161457  lr=1e-05  27.379s/step  grad_norm=0.153519  73.8GiB  rollout/backwards_per_step=4
[23:00:54] INFO    [r0] step 1501: loss=0.0183025  lr=1e-05  66.084s/step  grad_norm=0.418953  83.7GiB  rollout/backwards_per_step=4
[23:01:18] INFO    [r0] step 1502: loss=0.0857664  lr=1e-05  23.893s/step  grad_norm=3.02334  73.4GiB  rollout/backwards_per_step=4
[23:02:22] INFO    [r0] step 1503: loss=0.0174504  lr=1e-05  64.494s/step  grad_norm=0.297799  82.6GiB  rollout/backwards_per_step=4
[23:03:07] INFO    [r0] step 1504: loss=0.04083  lr=1e-05  44.848s/step  grad_norm=1.56478  78.9GiB  rollout/backwards_per_step=4
[23:03:54] INFO    [r0] step 1505: loss=0.0273297  lr=1e-05  46.747s/step  grad_norm=0.353299  79.3GiB  rollout/backwards_per_step=4
[23:04:56] INFO    [r0] step 1506: loss=0.0239484  lr=1e-05  62.651s/step  grad_norm=0.398635  82.6GiB  rollout/backwards_per_step=4
[23:05:19] INFO    [r0] step 1507: loss=0.0197776  lr=1e-05  22.792s/step  grad_norm=0.578523  72.8GiB  rollout/backwards_per_step=4
[23:05:42] INFO    [r0] step 1508: loss=0.00567559  lr=1e-05  23.315s/step  grad_norm=0.160041  72.7GiB  rollout/backwards_per_step=4
[23:06:13] INFO    [r0] step 1509: loss=0.124787  lr=1e-05  30.798s/step  grad_norm=0.620743  75.4GiB  rollout/backwards_per_step=4
[23:06:40] INFO    [r0] step 1510: loss=0.0692415  lr=1e-05  26.517s/step  grad_norm=0.557878  73.5GiB  rollout/backwards_per_step=4
[23:07:05] INFO    [r0] step 1511: loss=0.00953171  lr=1e-05  25.191s/step  grad_norm=0.247766  73.1GiB  rollout/backwards_per_step=4
[23:07:51] INFO    [r0] step 1512: loss=0.0775477  lr=1e-05  45.784s/step  grad_norm=0.748668  78.8GiB  rollout/backwards_per_step=4
[23:08:43] INFO    [r0] step 1513: loss=0.0288094  lr=1e-05  52.728s/step  grad_norm=0.32314  80.4GiB  rollout/backwards_per_step=4
[23:09:33] INFO    [r0] step 1514: loss=0.0157881  lr=1e-05  49.206s/step  grad_norm=0.28918  79.1GiB  rollout/backwards_per_step=4
[23:10:09] INFO    [r0] step 1515: loss=0.0313953  lr=1e-05  36.361s/step  grad_norm=0.370459  76.7GiB  rollout/backwards_per_step=4
[23:10:50] INFO    [r0] step 1516: loss=0.0147378  lr=1e-05  41.006s/step  grad_norm=0.339791  77.4GiB  rollout/backwards_per_step=4
[23:11:28] INFO    [r0] step 1517: loss=0.0162058  lr=1e-05  38.119s/step  grad_norm=0.510136  77.2GiB  rollout/backwards_per_step=4
[23:12:38] INFO    [r0] step 1518: loss=0.0334606  lr=1e-05  70.038s/step  grad_norm=0.897598  84.2GiB  rollout/backwards_per_step=4
[23:13:00] INFO    [r0] step 1519: loss=0.0267285  lr=1e-05  22.163s/step  grad_norm=0.621713  72.5GiB  rollout/backwards_per_step=4
[23:13:55] INFO    [r0] step 1520: loss=0.0168189  lr=1e-05  55.062s/step  grad_norm=0.287888  80.9GiB  rollout/backwards_per_step=4
[23:14:19] INFO    [r0] step 1521: loss=0.0682731  lr=1e-05  23.692s/step  grad_norm=1.64212  72.9GiB  rollout/backwards_per_step=4
[23:14:39] INFO    [r0] step 1522: loss=0.0221563  lr=1e-05  20.357s/step  grad_norm=0.323137  71.8GiB  rollout/backwards_per_step=4
[23:15:02] INFO    [r0] step 1523: loss=0.028573  lr=1e-05  22.145s/step  grad_norm=1.78553  72.6GiB  rollout/backwards_per_step=4
[23:15:37] INFO    [r0] step 1524: loss=0.0134358  lr=1e-05  35.021s/step  grad_norm=0.194739  76.2GiB  rollout/backwards_per_step=4
[23:16:35] INFO    [r0] step 1525: loss=0.146625  lr=1e-05  58.593s/step  grad_norm=1.20121  81.7GiB  rollout/backwards_per_step=4
[23:16:59] INFO    [r0] step 1526: loss=0.317833  lr=1e-05  23.331s/step  grad_norm=1.68696  72.8GiB  rollout/backwards_per_step=4
[23:17:26] INFO    [r0] step 1527: loss=0.0242146  lr=1e-05  27.772s/step  grad_norm=0.338508  73.9GiB  rollout/backwards_per_step=4
[23:17:58] INFO    [r0] step 1528: loss=0.00959198  lr=1e-05  32.060s/step  grad_norm=0.999529  74.9GiB  rollout/backwards_per_step=4
[23:18:25] INFO    [r0] step 1529: loss=0.0489659  lr=1e-05  26.962s/step  grad_norm=1.35477  74.0GiB  rollout/backwards_per_step=4
[23:19:16] INFO    [r0] step 1530: loss=0.0244864  lr=1e-05  50.648s/step  grad_norm=0.457114  80.1GiB  rollout/backwards_per_step=4
[23:20:03] INFO    [r0] step 1531: loss=0.102114  lr=1e-05  46.850s/step  grad_norm=1.10218  79.6GiB  rollout/backwards_per_step=4
[23:21:11] INFO    [r0] step 1532: loss=0.0197402  lr=1e-05  68.118s/step  grad_norm=0.390305  83.5GiB  rollout/backwards_per_step=4
[23:22:00] INFO    [r0] step 1533: loss=0.0231185  lr=1e-05  49.109s/step  grad_norm=0.754787  80.5GiB  rollout/backwards_per_step=4
[23:22:45] INFO    [r0] step 1534: loss=0.0519362  lr=1e-05  44.941s/step  grad_norm=3.33138  79.1GiB  rollout/backwards_per_step=4
[23:23:12] INFO    [r0] step 1535: loss=0.21078  lr=1e-05  26.901s/step  grad_norm=3.71787  73.8GiB  rollout/backwards_per_step=4
[23:23:37] INFO    [r0] step 1536: loss=0.0355796  lr=1e-05  25.445s/step  grad_norm=0.496146  73.3GiB  rollout/backwards_per_step=4
[23:24:42] INFO    [r0] step 1537: loss=0.0203457  lr=1e-05  65.116s/step  grad_norm=0.258304  83.3GiB  rollout/backwards_per_step=4
[23:25:48] INFO    [r0] step 1538: loss=0.0336927  lr=1e-05  65.329s/step  grad_norm=1.45654  83.4GiB  rollout/backwards_per_step=4
[23:26:16] INFO    [r0] step 1539: loss=0.0807965  lr=1e-05  28.626s/step  grad_norm=1.86981  74.1GiB  rollout/backwards_per_step=4
[23:26:54] INFO    [r0] step 1540: loss=0.0100406  lr=1e-05  38.079s/step  grad_norm=0.187996  77.4GiB  rollout/backwards_per_step=4
[23:27:47] INFO    [r0] step 1541: loss=0.0190404  lr=1e-05  52.603s/step  grad_norm=0.265182  80.6GiB  rollout/backwards_per_step=4
[23:28:12] INFO    [r0] step 1542: loss=0.0323921  lr=1e-05  25.163s/step  grad_norm=0.505356  73.5GiB  rollout/backwards_per_step=4
[23:28:36] INFO    [r0] step 1543: loss=0.0630903  lr=1e-05  23.655s/step  grad_norm=1.69122  72.9GiB  rollout/backwards_per_step=4
[23:29:15] INFO    [r0] step 1544: loss=0.0174756  lr=1e-05  39.569s/step  grad_norm=0.177231  77.8GiB  rollout/backwards_per_step=4
[23:29:39] INFO    [r0] step 1545: loss=0.0648354  lr=1e-05  23.376s/step  grad_norm=1.37456  72.6GiB  rollout/backwards_per_step=4
[23:30:06] INFO    [r0] step 1546: loss=0.0849555  lr=1e-05  26.719s/step  grad_norm=4.21871  73.5GiB  rollout/backwards_per_step=4
[23:30:33] INFO    [r0] step 1547: loss=0.0253159  lr=1e-05  26.917s/step  grad_norm=1.03642  73.8GiB  rollout/backwards_per_step=4
[23:31:37] INFO    [r0] step 1548: loss=0.072854  lr=1e-05  64.736s/step  grad_norm=10.0513  82.8GiB  rollout/backwards_per_step=4
[23:32:03] INFO    [r0] step 1549: loss=0.0201485  lr=1e-05  25.573s/step  grad_norm=0.263384  73.6GiB  rollout/backwards_per_step=4
[23:32:39] INFO    [r0] step 1550: loss=0.0293039  lr=1e-05  36.221s/step  grad_norm=1.15588  76.7GiB  rollout/backwards_per_step=4
[23:33:40] INFO    [r0] step 1551: loss=0.0120331  lr=1e-05  61.116s/step  grad_norm=0.230506  82.3GiB  rollout/backwards_per_step=4
[23:34:01] INFO    [r0] step 1552: loss=0.0292838  lr=1e-05  21.082s/step  grad_norm=0.291562  72.7GiB  rollout/backwards_per_step=4
[23:34:56] INFO    [r0] step 1553: loss=0.0687547  lr=1e-05  55.182s/step  grad_norm=1.15055  81.0GiB  rollout/backwards_per_step=4
[23:35:22] INFO    [r0] step 1554: loss=0.0847602  lr=1e-05  25.514s/step  grad_norm=0.464809  73.4GiB  rollout/backwards_per_step=4
[23:36:17] INFO    [r0] step 1555: loss=0.0284352  lr=1e-05  55.175s/step  grad_norm=1.78556  80.9GiB  rollout/backwards_per_step=4
[23:36:45] INFO    [r0] step 1556: loss=0.0401793  lr=1e-05  28.237s/step  grad_norm=0.448464  74.2GiB  rollout/backwards_per_step=4
[23:37:39] INFO    [r0] step 1557: loss=0.0995987  lr=1e-05  54.042s/step  grad_norm=12.1935  81.4GiB  rollout/backwards_per_step=4
[23:38:21] INFO    [r0] step 1558: loss=0.0314584  lr=1e-05  41.937s/step  grad_norm=1.07482  77.8GiB  rollout/backwards_per_step=4
[23:39:16] INFO    [r0] step 1559: loss=0.0499497  lr=1e-05  55.165s/step  grad_norm=1.45764  81.0GiB  rollout/backwards_per_step=4
[23:39:40] INFO    [r0] step 1560: loss=0.0328934  lr=1e-05  23.891s/step  grad_norm=0.919387  73.3GiB  rollout/backwards_per_step=4
[23:40:04] INFO    [r0] step 1561: loss=0.0262  lr=1e-05  23.305s/step  grad_norm=0.989752  72.7GiB  rollout/backwards_per_step=4
[23:40:26] INFO    [r0] step 1562: loss=0.0658695  lr=1e-05  22.228s/step  grad_norm=0.823446  72.6GiB  rollout/backwards_per_step=4
[23:40:49] INFO    [r0] step 1563: loss=0.0483471  lr=1e-05  23.309s/step  grad_norm=3.68164  72.7GiB  rollout/backwards_per_step=4
[23:41:54] INFO    [r0] step 1564: loss=0.0879352  lr=1e-05  64.686s/step  grad_norm=9.73492  82.7GiB  rollout/backwards_per_step=4
[23:42:18] INFO    [r0] step 1565: loss=0.0184075  lr=1e-05  23.870s/step  grad_norm=0.394292  73.1GiB  rollout/backwards_per_step=4
[23:43:12] INFO    [r0] step 1566: loss=0.0432579  lr=1e-05  54.283s/step  grad_norm=0.421576  80.4GiB  rollout/backwards_per_step=4
[23:44:07] INFO    [r0] step 1567: loss=0.100479  lr=1e-05  54.474s/step  grad_norm=2.51059  80.7GiB  rollout/backwards_per_step=4
[23:44:39] INFO    [r0] step 1568: loss=0.0237182  lr=1e-05  32.326s/step  grad_norm=0.273879  75.4GiB  rollout/backwards_per_step=4
[23:44:58] INFO    [r0] step 1569: loss=0.0442549  lr=1e-05  19.534s/step  grad_norm=0.739147  72.0GiB  rollout/backwards_per_step=4
[23:45:52] INFO    [r0] step 1570: loss=0.0813496  lr=1e-05  53.338s/step  grad_norm=1.09999  80.5GiB  rollout/backwards_per_step=4
[23:46:38] INFO    [r0] step 1571: loss=0.0551601  lr=1e-05  46.516s/step  grad_norm=1.81645  79.1GiB  rollout/backwards_per_step=4
[23:47:31] INFO    [r0] step 1572: loss=0.0235308  lr=1e-05  53.085s/step  grad_norm=0.48713  80.6GiB  rollout/backwards_per_step=4
[23:47:48] INFO    [r0] step 1573: loss=0.111316  lr=1e-05  16.387s/step  grad_norm=2.23067  70.8GiB  rollout/backwards_per_step=4
[23:48:40] INFO    [r0] step 1574: loss=0.0136347  lr=1e-05  52.383s/step  grad_norm=0.32344  80.2GiB  rollout/backwards_per_step=4
[23:49:43] INFO    [r0] step 1575: loss=0.0276944  lr=1e-05  63.210s/step  grad_norm=0.777323  83.0GiB  rollout/backwards_per_step=4
[23:50:24] INFO    [r0] step 1576: loss=0.0143827  lr=1e-05  40.394s/step  grad_norm=1.3131  77.5GiB  rollout/backwards_per_step=4
[23:50:49] INFO    [r0] step 1577: loss=0.07922  lr=1e-05  25.401s/step  grad_norm=0.752244  73.3GiB  rollout/backwards_per_step=4
[23:51:20] INFO    [r0] step 1578: loss=0.074232  lr=1e-05  30.680s/step  grad_norm=0.58997  75.2GiB  rollout/backwards_per_step=4
[23:52:23] INFO    [r0] step 1579: loss=0.122819  lr=1e-05  62.758s/step  grad_norm=1.93197  82.8GiB  rollout/backwards_per_step=4
[23:53:24] INFO    [r0] step 1580: loss=0.0233515  lr=1e-05  61.811s/step  grad_norm=0.550054  82.1GiB  rollout/backwards_per_step=4
[23:54:20] INFO    [r0] step 1581: loss=0.0485063  lr=1e-05  55.420s/step  grad_norm=1.18073  81.4GiB  rollout/backwards_per_step=4
[23:54:54] INFO    [r0] step 1582: loss=0.0336549  lr=1e-05  34.293s/step  grad_norm=0.590778  76.5GiB  rollout/backwards_per_step=4
[23:55:34] INFO    [r0] step 1583: loss=0.0681393  lr=1e-05  40.240s/step  grad_norm=3.25381  77.3GiB  rollout/backwards_per_step=4
[23:56:10] INFO    [r0] step 1584: loss=0.0288782  lr=1e-05  35.986s/step  grad_norm=0.657386  76.4GiB  rollout/backwards_per_step=4
[23:56:46] INFO    [r0] step 1585: loss=0.0177228  lr=1e-05  35.219s/step  grad_norm=0.366187  76.6GiB  rollout/backwards_per_step=4
[23:57:41] INFO    [r0] step 1586: loss=0.0183594  lr=1e-05  55.244s/step  grad_norm=0.189268  81.1GiB  rollout/backwards_per_step=4
[23:58:54] INFO    [r0] step 1587: loss=0.027963  lr=1e-05  72.845s/step  grad_norm=0.75245  84.4GiB  rollout/backwards_per_step=4
[23:59:49] INFO    [r0] step 1588: loss=0.0549724  lr=1e-05  55.679s/step  grad_norm=1.57409  81.2GiB  rollout/backwards_per_step=4
[00:00:09] INFO    [r0] step 1589: loss=0.0273489  lr=1e-05  19.350s/step  grad_norm=0.751266  71.9GiB  rollout/backwards_per_step=4
[00:00:54] INFO    [r0] step 1590: loss=0.0169214  lr=1e-05  44.929s/step  grad_norm=0.176231  79.0GiB  rollout/backwards_per_step=4
[00:01:42] INFO    [r0] step 1591: loss=0.0271662  lr=1e-05  48.169s/step  grad_norm=0.558477  79.3GiB  rollout/backwards_per_step=4
[00:01:59] INFO    [r0] step 1592: loss=0.0681837  lr=1e-05  16.774s/step  grad_norm=2.82853  71.1GiB  rollout/backwards_per_step=4
[00:03:08] INFO    [r0] step 1593: loss=0.0240312  lr=1e-05  69.257s/step  grad_norm=0.618414  83.1GiB  rollout/backwards_per_step=4
[00:03:43] INFO    [r0] step 1594: loss=0.0486441  lr=1e-05  34.967s/step  grad_norm=0.682934  76.4GiB  rollout/backwards_per_step=4
[00:04:10] INFO    [r0] step 1595: loss=0.0256116  lr=1e-05  27.159s/step  grad_norm=0.615338  73.7GiB  rollout/backwards_per_step=4
[00:04:54] INFO    [r0] step 1596: loss=0.0795932  lr=1e-05  43.973s/step  grad_norm=0.706611  78.1GiB  rollout/backwards_per_step=4
[00:05:16] INFO    [r0] step 1597: loss=0.0160837  lr=1e-05  22.141s/step  grad_norm=0.466728  72.5GiB  rollout/backwards_per_step=4
[00:05:58] INFO    [r0] step 1598: loss=0.0246623  lr=1e-05  41.588s/step  grad_norm=1.39422  77.7GiB  rollout/backwards_per_step=4
[00:06:50] INFO    [r0] step 1599: loss=0.0219896  lr=1e-05  52.306s/step  grad_norm=0.58611  80.1GiB  rollout/backwards_per_step=4
[00:07:34] INFO    [r0] step 1600: loss=0.0191265  lr=1e-05  44.198s/step  grad_norm=0.577093  78.7GiB  rollout/backwards_per_step=4
[00:07:56] INFO    [r0] saved /mnt/shared/lihaoran/ssd/framework/anorak-dflow/ckps/krea2-tryon-DOPSD/step_0001600
[00:12:16] INFO    [r0] preview: 10 case(s) (student | phase-1) step 1600 -> /mnt/shared/lihaoran/ssd/framework/anorak-dflow/demo/2026-09-13/000756-001600
[00:12:45] INFO    [r0] step 1601: loss=0.0381162  lr=1e-05  28.678s/step  grad_norm=0.512156  74.4GiB  rollout/backwards_per_step=4
[00:13:43] INFO    [r0] step 1602: loss=0.0896349  lr=1e-05  57.769s/step  grad_norm=3.02248  81.3GiB  rollout/backwards_per_step=4
[00:14:36] INFO    [r0] step 1603: loss=0.0197005  lr=1e-05  53.437s/step  grad_norm=0.287125  81.0GiB  rollout/backwards_per_step=4
[00:15:20] INFO    [r0] step 1604: loss=0.0264657  lr=1e-05  43.900s/step  grad_norm=0.41446  78.1GiB  rollout/backwards_per_step=4
[00:16:34] INFO    [r0] step 1605: loss=0.0958202  lr=1e-05  73.938s/step  grad_norm=1.90811  85.0GiB  rollout/backwards_per_step=4
[00:17:01] INFO    [r0] step 1606: loss=0.0138003  lr=1e-05  26.797s/step  grad_norm=0.409871  73.7GiB  rollout/backwards_per_step=4
[00:17:23] INFO    [r0] step 1607: loss=0.0181533  lr=1e-05  22.076s/step  grad_norm=0.564519  72.7GiB  rollout/backwards_per_step=4
[00:17:49] INFO    [r0] step 1608: loss=0.0138955  lr=1e-05  26.490s/step  grad_norm=0.155961  73.7GiB  rollout/backwards_per_step=4
[00:18:36] INFO    [r0] step 1609: loss=0.0414663  lr=1e-05  46.535s/step  grad_norm=2.15642  79.4GiB  rollout/backwards_per_step=4
[00:19:00] INFO    [r0] step 1610: loss=0.019829  lr=1e-05  23.908s/step  grad_norm=0.245111  73.2GiB  rollout/backwards_per_step=4
[00:20:02] INFO    [r0] step 1611: loss=0.0711449  lr=1e-05  61.766s/step  grad_norm=2.96542  82.0GiB  rollout/backwards_per_step=4
[00:20:29] INFO    [r0] step 1612: loss=0.0197583  lr=1e-05  26.927s/step  grad_norm=0.600633  73.7GiB  rollout/backwards_per_step=4
[00:21:22] INFO    [r0] step 1613: loss=0.0307698  lr=1e-05  53.605s/step  grad_norm=0.365121  81.1GiB  rollout/backwards_per_step=4
[00:22:11] INFO    [r0] step 1614: loss=0.0591866  lr=1e-05  49.069s/step  grad_norm=0.78592  79.7GiB  rollout/backwards_per_step=4
[00:22:32] INFO    [r0] step 1615: loss=0.048268  lr=1e-05  20.809s/step  grad_norm=0.37943  72.5GiB  rollout/backwards_per_step=4
[00:23:27] INFO    [r0] step 1616: loss=0.0213266  lr=1e-05  55.110s/step  grad_norm=0.756711  81.0GiB  rollout/backwards_per_step=4
[00:23:55] INFO    [r0] step 1617: loss=0.0339597  lr=1e-05  27.378s/step  grad_norm=0.354314  73.8GiB  rollout/backwards_per_step=4
[00:24:59] INFO    [r0] step 1618: loss=0.0192192  lr=1e-05  64.727s/step  grad_norm=0.541212  82.9GiB  rollout/backwards_per_step=4
[00:25:22] INFO    [r0] step 1619: loss=0.0474228  lr=1e-05  22.461s/step  grad_norm=0.290131  72.8GiB  rollout/backwards_per_step=4
[00:26:27] INFO    [r0] step 1620: loss=0.0349006  lr=1e-05  64.739s/step  grad_norm=0.234237  82.8GiB  rollout/backwards_per_step=4
[00:26:50] INFO    [r0] step 1621: loss=0.0492533  lr=1e-05  23.663s/step  grad_norm=0.525851  73.0GiB  rollout/backwards_per_step=4
[00:27:17] INFO    [r0] step 1622: loss=0.0431571  lr=1e-05  26.489s/step  grad_norm=0.548376  73.5GiB  rollout/backwards_per_step=4
[00:28:16] INFO    [r0] step 1623: loss=0.0251543  lr=1e-05  59.768s/step  grad_norm=0.245044  82.2GiB  rollout/backwards_per_step=4
[00:29:27] INFO    [r0] step 1624: loss=0.0202798  lr=1e-05  70.643s/step  grad_norm=0.284084  84.2GiB  rollout/backwards_per_step=4
[00:30:12] INFO    [r0] step 1625: loss=0.0230145  lr=1e-05  44.991s/step  grad_norm=0.923003  78.5GiB  rollout/backwards_per_step=4
[00:30:36] INFO    [r0] step 1626: loss=0.0303677  lr=1e-05  23.856s/step  grad_norm=0.378619  73.2GiB  rollout/backwards_per_step=4
[00:31:22] INFO    [r0] step 1627: loss=0.0214793  lr=1e-05  45.913s/step  grad_norm=0.443478  78.8GiB  rollout/backwards_per_step=4
[00:32:14] INFO    [r0] step 1628: loss=0.12408  lr=1e-05  52.500s/step  grad_norm=2.55596  80.2GiB  rollout/backwards_per_step=4
[00:33:19] INFO    [r0] step 1629: loss=0.0760351  lr=1e-05  64.995s/step  grad_norm=1.41721  83.0GiB  rollout/backwards_per_step=4
[00:34:13] INFO    [r0] step 1630: loss=0.0275447  lr=1e-05  53.271s/step  grad_norm=0.642112  80.8GiB  rollout/backwards_per_step=4
[00:34:45] INFO    [r0] step 1631: loss=0.0178392  lr=1e-05  32.247s/step  grad_norm=1.05342  75.6GiB  rollout/backwards_per_step=4
[00:35:25] INFO    [r0] step 1632: loss=0.0431013  lr=1e-05  40.106s/step  grad_norm=0.647141  77.2GiB  rollout/backwards_per_step=4
[00:35:47] INFO    [r0] step 1633: loss=0.0539687  lr=1e-05  22.171s/step  grad_norm=0.992975  72.7GiB  rollout/backwards_per_step=4
[00:36:52] INFO    [r0] step 1634: loss=0.0843032  lr=1e-05  65.254s/step  grad_norm=0.761837  83.1GiB  rollout/backwards_per_step=4
[00:37:53] INFO    [r0] step 1635: loss=0.166466  lr=1e-05  60.262s/step  grad_norm=2.48704  82.1GiB  rollout/backwards_per_step=4
[00:38:26] INFO    [r0] step 1636: loss=0.0394465  lr=1e-05  33.559s/step  grad_norm=0.915257  75.4GiB  rollout/backwards_per_step=4
[00:39:29] INFO    [r0] step 1637: loss=0.0134228  lr=1e-05  63.189s/step  grad_norm=0.426525  82.9GiB  rollout/backwards_per_step=4
[00:39:53] INFO    [r0] step 1638: loss=0.0395056  lr=1e-05  23.908s/step  grad_norm=3.57019  73.2GiB  rollout/backwards_per_step=4
[00:40:24] INFO    [r0] step 1639: loss=0.0383536  lr=1e-05  30.351s/step  grad_norm=0.310121  74.9GiB  rollout/backwards_per_step=4
[00:41:10] INFO    [r0] step 1640: loss=0.0601696  lr=1e-05  46.467s/step  grad_norm=0.41995  79.2GiB  rollout/backwards_per_step=4
[00:41:48] INFO    [r0] step 1641: loss=0.0169983  lr=1e-05  37.882s/step  grad_norm=0.877892  76.8GiB  rollout/backwards_per_step=4
[00:42:06] INFO    [r0] step 1642: loss=0.0407496  lr=1e-05  17.616s/step  grad_norm=3.38637  71.2GiB  rollout/backwards_per_step=4
[00:42:28] INFO    [r0] step 1643: loss=0.0404718  lr=1e-05  22.435s/step  grad_norm=0.514059  72.7GiB  rollout/backwards_per_step=4
[00:42:56] INFO    [r0] step 1644: loss=0.0356346  lr=1e-05  28.226s/step  grad_norm=1.81133  74.1GiB  rollout/backwards_per_step=4
[00:43:20] INFO    [r0] step 1645: loss=0.035664  lr=1e-05  23.710s/step  grad_norm=0.54978  73.1GiB  rollout/backwards_per_step=4
[00:43:55] INFO    [r0] step 1646: loss=0.0575602  lr=1e-05  34.525s/step  grad_norm=0.669522  76.1GiB  rollout/backwards_per_step=4
[00:44:55] INFO    [r0] step 1647: loss=0.0383587  lr=1e-05  60.642s/step  grad_norm=1.01529  82.2GiB  rollout/backwards_per_step=4
[00:45:31] INFO    [r0] step 1648: loss=0.0556897  lr=1e-05  36.054s/step  grad_norm=2.52476  76.5GiB  rollout/backwards_per_step=4
[00:46:25] INFO    [r0] step 1649: loss=0.0940422  lr=1e-05  53.681s/step  grad_norm=1.2408  81.2GiB  rollout/backwards_per_step=4
[00:46:57] INFO    [r0] step 1650: loss=0.0981596  lr=1e-05  31.975s/step  grad_norm=2.23923  75.5GiB  rollout/backwards_per_step=4
[00:47:35] INFO    [r0] step 1651: loss=0.0309898  lr=1e-05  37.791s/step  grad_norm=0.416292  76.8GiB  rollout/backwards_per_step=4
[00:48:38] INFO    [r0] step 1652: loss=0.098346  lr=1e-05  63.258s/step  grad_norm=1.26766  83.0GiB  rollout/backwards_per_step=4
[00:49:04] INFO    [r0] step 1653: loss=0.0250027  lr=1e-05  26.466s/step  grad_norm=0.407414  73.3GiB  rollout/backwards_per_step=4
[00:49:30] INFO    [r0] step 1654: loss=0.141069  lr=1e-05  25.563s/step  grad_norm=2.08668  73.6GiB  rollout/backwards_per_step=4
[00:49:52] INFO    [r0] step 1655: loss=0.0587675  lr=1e-05  22.051s/step  grad_norm=1.33985  72.4GiB  rollout/backwards_per_step=4
[00:50:20] INFO    [r0] step 1656: loss=0.0670999  lr=1e-05  28.165s/step  grad_norm=1.98818  74.4GiB  rollout/backwards_per_step=4
[00:51:06] INFO    [r0] step 1657: loss=0.0358465  lr=1e-05  45.881s/step  grad_norm=0.329898  78.9GiB  rollout/backwards_per_step=4
[00:52:01] INFO    [r0] step 1658: loss=0.0367508  lr=1e-05  55.192s/step  grad_norm=0.581336  81.0GiB  rollout/backwards_per_step=4
[00:53:03] INFO    [r0] step 1659: loss=0.0480234  lr=1e-05  61.782s/step  grad_norm=0.994145  82.0GiB  rollout/backwards_per_step=4
[00:54:00] INFO    [r0] step 1660: loss=0.0518012  lr=1e-05  57.307s/step  grad_norm=1.73762  81.6GiB  rollout/backwards_per_step=4
[00:54:58] INFO    [r0] step 1661: loss=0.147086  lr=1e-05  57.905s/step  grad_norm=1.7957  81.6GiB  rollout/backwards_per_step=4
[00:55:25] INFO    [r0] step 1662: loss=0.0297672  lr=1e-05  26.789s/step  grad_norm=0.702798  73.8GiB  rollout/backwards_per_step=4
[00:55:51] INFO    [r0] step 1663: loss=0.0183828  lr=1e-05  26.121s/step  grad_norm=0.45172  73.4GiB  rollout/backwards_per_step=4
[00:56:15] INFO    [r0] step 1664: loss=0.0253543  lr=1e-05  23.370s/step  grad_norm=0.508105  72.8GiB  rollout/backwards_per_step=4
[00:57:09] INFO    [r0] step 1665: loss=0.0347819  lr=1e-05  54.011s/step  grad_norm=1.12912  81.3GiB  rollout/backwards_per_step=4
[00:57:31] INFO    [r0] step 1666: loss=0.0816637  lr=1e-05  22.144s/step  grad_norm=2.8268  72.6GiB  rollout/backwards_per_step=4
[00:58:36] INFO    [r0] step 1667: loss=0.0110473  lr=1e-05  65.098s/step  grad_norm=0.12895  83.2GiB  rollout/backwards_per_step=4
[00:59:05] INFO    [r0] step 1668: loss=0.027205  lr=1e-05  28.732s/step  grad_norm=0.744521  74.5GiB  rollout/backwards_per_step=4
[00:59:50] INFO    [r0] step 1669: loss=0.023609  lr=1e-05  45.585s/step  grad_norm=1.10987  78.5GiB  rollout/backwards_per_step=4
[01:00:20] INFO    [r0] step 1670: loss=0.0449172  lr=1e-05  30.405s/step  grad_norm=2.02297  75.0GiB  rollout/backwards_per_step=4
[01:00:55] INFO    [r0] step 1671: loss=0.0172375  lr=1e-05  34.208s/step  grad_norm=0.466423  76.4GiB  rollout/backwards_per_step=4
[01:01:20] INFO    [r0] step 1672: loss=0.0904083  lr=1e-05  25.583s/step  grad_norm=1.62343  73.7GiB  rollout/backwards_per_step=4
[01:01:58] INFO    [r0] step 1673: loss=0.0472683  lr=1e-05  37.894s/step  grad_norm=0.979886  76.9GiB  rollout/backwards_per_step=4
[01:02:38] INFO    [r0] step 1674: loss=0.0657804  lr=1e-05  39.519s/step  grad_norm=1.09079  76.8GiB  rollout/backwards_per_step=4
[01:03:18] INFO    [r0] step 1675: loss=0.0343167  lr=1e-05  40.075s/step  grad_norm=1.40958  77.2GiB  rollout/backwards_per_step=4
[01:04:04] INFO    [r0] step 1676: loss=0.0297879  lr=1e-05  46.555s/step  grad_norm=0.407514  79.3GiB  rollout/backwards_per_step=4
[01:05:15] INFO    [r0] step 1677: loss=0.0253771  lr=1e-05  70.527s/step  grad_norm=0.562863  83.9GiB  rollout/backwards_per_step=4
[01:06:12] INFO    [r0] step 1678: loss=0.0682482  lr=1e-05  56.804s/step  grad_norm=2.69395  81.6GiB  rollout/backwards_per_step=4
[01:06:40] INFO    [r0] step 1679: loss=0.0265563  lr=1e-05  28.158s/step  grad_norm=0.263321  74.5GiB  rollout/backwards_per_step=4
[01:07:16] INFO    [r0] step 1680: loss=0.0133644  lr=1e-05  36.289s/step  grad_norm=0.426709  76.8GiB  rollout/backwards_per_step=4
[01:07:40] INFO    [r0] step 1681: loss=0.0263642  lr=1e-05  23.854s/step  grad_norm=0.860552  73.3GiB  rollout/backwards_per_step=4
[01:08:07] INFO    [r0] step 1682: loss=0.0714309  lr=1e-05  26.865s/step  grad_norm=3.82284  73.4GiB  rollout/backwards_per_step=4
[01:09:15] INFO    [r0] step 1683: loss=0.0245418  lr=1e-05  68.091s/step  grad_norm=0.481007  83.6GiB  rollout/backwards_per_step=4
[01:10:14] INFO    [r0] step 1684: loss=0.0829005  lr=1e-05  59.000s/step  grad_norm=2.2931  81.2GiB  rollout/backwards_per_step=4
[01:10:46] INFO    [r0] step 1685: loss=0.260166  lr=1e-05  32.130s/step  grad_norm=1.99446  75.0GiB  rollout/backwards_per_step=4
[01:11:09] INFO    [r0] step 1686: loss=0.0448922  lr=1e-05  23.342s/step  grad_norm=1.47786  72.7GiB  rollout/backwards_per_step=4
[01:11:55] INFO    [r0] step 1687: loss=0.147267  lr=1e-05  45.807s/step  grad_norm=3.30021  78.9GiB  rollout/backwards_per_step=4
[01:12:54] INFO    [r0] step 1688: loss=0.0450773  lr=1e-05  58.843s/step  grad_norm=1.09376  81.9GiB  rollout/backwards_per_step=4
[01:13:30] INFO    [r0] step 1689: loss=0.0179515  lr=1e-05  35.791s/step  grad_norm=0.562977  76.1GiB  rollout/backwards_per_step=4
[01:13:57] INFO    [r0] step 1690: loss=0.0126934  lr=1e-05  27.453s/step  grad_norm=0.294964  74.0GiB  rollout/backwards_per_step=4
[01:14:51] INFO    [r0] step 1691: loss=0.0329912  lr=1e-05  53.378s/step  grad_norm=1.09944  80.8GiB  rollout/backwards_per_step=4
[01:15:46] INFO    [r0] step 1692: loss=0.0183285  lr=1e-05  55.147s/step  grad_norm=0.672534  80.9GiB  rollout/backwards_per_step=4
[01:16:35] INFO    [r0] step 1693: loss=0.0320764  lr=1e-05  49.152s/step  grad_norm=0.895157  80.3GiB  rollout/backwards_per_step=4
[01:17:02] INFO    [r0] step 1694: loss=0.0104786  lr=1e-05  26.943s/step  grad_norm=0.394407  73.8GiB  rollout/backwards_per_step=4
[01:17:48] INFO    [r0] step 1695: loss=0.0117677  lr=1e-05  45.899s/step  grad_norm=0.325551  78.9GiB  rollout/backwards_per_step=4
[01:18:40] INFO    [r0] step 1696: loss=0.0190889  lr=1e-05  52.567s/step  grad_norm=0.244617  80.3GiB  rollout/backwards_per_step=4
[01:19:34] INFO    [r0] step 1697: loss=0.0240067  lr=1e-05  53.437s/step  grad_norm=0.623819  81.0GiB  rollout/backwards_per_step=4
[01:20:01] INFO    [r0] step 1698: loss=0.0212087  lr=1e-05  26.781s/step  grad_norm=1.12769  73.6GiB  rollout/backwards_per_step=4
[01:20:33] INFO    [r0] step 1699: loss=0.026058  lr=1e-05  32.179s/step  grad_norm=0.589441  75.9GiB  rollout/backwards_per_step=4
[01:20:58] INFO    [r0] step 1700: loss=0.033601  lr=1e-05  25.481s/step  grad_norm=0.532624  73.4GiB  rollout/backwards_per_step=4
[01:21:50] INFO    [r0] step 1701: loss=0.0340463  lr=1e-05  51.627s/step  grad_norm=0.677099  80.8GiB  rollout/backwards_per_step=4
[01:22:40] INFO    [r0] step 1702: loss=0.0264413  lr=1e-05  50.073s/step  grad_norm=0.536145  79.5GiB  rollout/backwards_per_step=4
[01:23:25] INFO    [r0] step 1703: loss=0.0504309  lr=1e-05  44.957s/step  grad_norm=0.580759  79.1GiB  rollout/backwards_per_step=4
[01:24:20] INFO    [r0] step 1704: loss=0.0367854  lr=1e-05  54.915s/step  grad_norm=2.34614  80.8GiB  rollout/backwards_per_step=4
[01:25:09] INFO    [r0] step 1705: loss=0.0401451  lr=1e-05  48.789s/step  grad_norm=0.660702  79.4GiB  rollout/backwards_per_step=4
[01:26:17] INFO    [r0] step 1706: loss=0.0182088  lr=1e-05  68.305s/step  grad_norm=0.765943  83.7GiB  rollout/backwards_per_step=4
[01:27:20] INFO    [r0] step 1707: loss=0.0264421  lr=1e-05  63.268s/step  grad_norm=1.0539  83.0GiB  rollout/backwards_per_step=4
[01:27:49] INFO    [r0] step 1708: loss=0.0135981  lr=1e-05  28.744s/step  grad_norm=0.311604  74.5GiB  rollout/backwards_per_step=4
[01:28:17] INFO    [r0] step 1709: loss=0.0129372  lr=1e-05  28.192s/step  grad_norm=0.536467  74.0GiB  rollout/backwards_per_step=4
[01:28:41] INFO    [r0] step 1710: loss=0.0165044  lr=1e-05  23.615s/step  grad_norm=0.353744  72.8GiB  rollout/backwards_per_step=4
[01:29:03] INFO    [r0] step 1711: loss=0.0543935  lr=1e-05  22.464s/step  grad_norm=0.568908  72.8GiB  rollout/backwards_per_step=4
[01:29:52] INFO    [r0] step 1712: loss=0.0263673  lr=1e-05  48.530s/step  grad_norm=1.52742  79.4GiB  rollout/backwards_per_step=4
[01:30:55] INFO    [r0] step 1713: loss=0.0178761  lr=1e-05  62.878s/step  grad_norm=0.341062  82.8GiB  rollout/backwards_per_step=4
[01:31:38] INFO    [r0] step 1714: loss=0.0214329  lr=1e-05  43.746s/step  grad_norm=0.364104  78.4GiB  rollout/backwards_per_step=4
[01:32:24] INFO    [r0] step 1715: loss=0.030346  lr=1e-05  46.008s/step  grad_norm=0.36233  78.9GiB  rollout/backwards_per_step=4
[01:32:46] INFO    [r0] step 1716: loss=0.054576  lr=1e-05  22.117s/step  grad_norm=0.620879  72.4GiB  rollout/backwards_per_step=4
[01:33:13] INFO    [r0] step 1717: loss=0.0276792  lr=1e-05  26.483s/step  grad_norm=1.16892  73.5GiB  rollout/backwards_per_step=4
[01:34:02] INFO    [r0] step 1718: loss=0.0141033  lr=1e-05  48.764s/step  grad_norm=0.745056  79.4GiB  rollout/backwards_per_step=4
[01:34:23] INFO    [r0] step 1719: loss=0.0943096  lr=1e-05  21.385s/step  grad_norm=1.76011  72.3GiB  rollout/backwards_per_step=4
[01:34:58] INFO    [r0] step 1720: loss=0.0154075  lr=1e-05  34.613s/step  grad_norm=0.249217  75.9GiB  rollout/backwards_per_step=4
[01:35:44] INFO    [r0] step 1721: loss=0.0190825  lr=1e-05  45.960s/step  grad_norm=0.397193  79.0GiB  rollout/backwards_per_step=4
[01:36:11] INFO    [r0] step 1722: loss=0.0117565  lr=1e-05  27.428s/step  grad_norm=0.58971  74.0GiB  rollout/backwards_per_step=4
[01:37:17] INFO    [r0] step 1723: loss=0.0212946  lr=1e-05  65.371s/step  grad_norm=0.359841  83.2GiB  rollout/backwards_per_step=4
[01:37:52] INFO    [r0] step 1724: loss=0.015435  lr=1e-05  35.246s/step  grad_norm=0.317095  75.6GiB  rollout/backwards_per_step=4
[01:38:57] INFO    [r0] step 1725: loss=0.0474148  lr=1e-05  65.730s/step  grad_norm=0.794616  83.6GiB  rollout/backwards_per_step=4
[01:39:24] INFO    [r0] step 1726: loss=0.0113856  lr=1e-05  26.933s/step  grad_norm=1.38418  73.6GiB  rollout/backwards_per_step=4
[01:40:15] INFO    [r0] step 1727: loss=0.0198113  lr=1e-05  50.515s/step  grad_norm=0.654019  80.1GiB  rollout/backwards_per_step=4
[01:40:37] INFO    [r0] step 1728: loss=0.0309721  lr=1e-05  21.969s/step  grad_norm=0.354979  72.6GiB  rollout/backwards_per_step=4
[01:40:59] INFO    [r0] step 1729: loss=0.0572876  lr=1e-05  22.195s/step  grad_norm=2.84073  72.5GiB  rollout/backwards_per_step=4
[01:41:23] INFO    [r0] step 1730: loss=0.129276  lr=1e-05  23.914s/step  grad_norm=3.77941  73.4GiB  rollout/backwards_per_step=4
[01:42:19] INFO    [r0] step 1731: loss=0.131  lr=1e-05  55.833s/step  grad_norm=3.09976  81.5GiB  rollout/backwards_per_step=4
[01:42:45] INFO    [r0] step 1732: loss=0.0134516  lr=1e-05  26.461s/step  grad_norm=0.292334  73.9GiB  rollout/backwards_per_step=4
[01:43:18] INFO    [r0] step 1733: loss=0.0109725  lr=1e-05  32.918s/step  grad_norm=0.820958  76.1GiB  rollout/backwards_per_step=4
[01:44:13] INFO    [r0] step 1734: loss=0.0241825  lr=1e-05  55.176s/step  grad_norm=0.413255  81.1GiB  rollout/backwards_per_step=4
[01:44:52] INFO    [r0] step 1735: loss=0.01569  lr=1e-05  38.650s/step  grad_norm=0.985017  77.4GiB  rollout/backwards_per_step=4
[01:45:48] INFO    [r0] step 1736: loss=0.0305738  lr=1e-05  55.838s/step  grad_norm=0.829171  81.3GiB  rollout/backwards_per_step=4
[01:46:56] INFO    [r0] step 1737: loss=0.0371014  lr=1e-05  68.258s/step  grad_norm=0.45623  83.7GiB  rollout/backwards_per_step=4
[01:47:24] INFO    [r0] step 1738: loss=0.0246143  lr=1e-05  28.245s/step  grad_norm=0.58765  74.3GiB  rollout/backwards_per_step=4
[01:48:29] INFO    [r0] step 1739: loss=0.526357  lr=1e-05  64.546s/step  grad_norm=1.61184  82.6GiB  rollout/backwards_per_step=4
[01:49:05] INFO    [r0] step 1740: loss=0.0586176  lr=1e-05  35.791s/step  grad_norm=0.952782  76.2GiB  rollout/backwards_per_step=4
[01:49:45] INFO    [r0] step 1741: loss=0.0754007  lr=1e-05  40.118s/step  grad_norm=0.667031  77.3GiB  rollout/backwards_per_step=4
[01:50:15] INFO    [r0] step 1742: loss=0.115509  lr=1e-05  30.346s/step  grad_norm=0.807185  74.9GiB  rollout/backwards_per_step=4
[01:50:50] INFO    [r0] step 1743: loss=0.0253505  lr=1e-05  34.341s/step  grad_norm=0.732942  76.4GiB  rollout/backwards_per_step=4
[01:51:16] INFO    [r0] step 1744: loss=0.0142939  lr=1e-05  26.836s/step  grad_norm=0.619715  73.8GiB  rollout/backwards_per_step=4
[01:51:47] INFO    [r0] step 1745: loss=0.0330103  lr=1e-05  30.384s/step  grad_norm=0.581713  74.9GiB  rollout/backwards_per_step=4
[01:52:44] INFO    [r0] step 1746: loss=0.0501423  lr=1e-05  57.336s/step  grad_norm=1.44541  81.8GiB  rollout/backwards_per_step=4
[01:53:52] INFO    [r0] step 1747: loss=0.01437  lr=1e-05  68.148s/step  grad_norm=1.24321  83.5GiB  rollout/backwards_per_step=4
[01:54:45] INFO    [r0] step 1748: loss=0.0612727  lr=1e-05  53.179s/step  grad_norm=0.824424  80.7GiB  rollout/backwards_per_step=4
[01:55:12] INFO    [r0] step 1749: loss=0.0188423  lr=1e-05  27.009s/step  grad_norm=0.954432  73.8GiB  rollout/backwards_per_step=4
[01:56:07] INFO    [r0] step 1750: loss=0.0758514  lr=1e-05  55.039s/step  grad_norm=0.750609  81.0GiB  rollout/backwards_per_step=4
[01:56:53] INFO    [r0] step 1751: loss=0.0260273  lr=1e-05  45.975s/step  grad_norm=0.339762  79.0GiB  rollout/backwards_per_step=4
[01:57:32] INFO    [r0] step 1752: loss=0.0247339  lr=1e-05  38.121s/step  grad_norm=0.448099  77.2GiB  rollout/backwards_per_step=4
[01:57:58] INFO    [r0] step 1753: loss=0.0317881  lr=1e-05  26.169s/step  grad_norm=0.6873  73.5GiB  rollout/backwards_per_step=4
[01:58:20] INFO    [r0] step 1754: loss=0.0172599  lr=1e-05  22.442s/step  grad_norm=0.504021  72.7GiB  rollout/backwards_per_step=4
[01:59:14] INFO    [r0] step 1755: loss=0.0179133  lr=1e-05  54.103s/step  grad_norm=1.01539  80.7GiB  rollout/backwards_per_step=4
[02:00:03] INFO    [r0] step 1756: loss=0.0392365  lr=1e-05  49.133s/step  grad_norm=0.930522  79.1GiB  rollout/backwards_per_step=4
[02:00:50] INFO    [r0] step 1757: loss=0.0324552  lr=1e-05  46.743s/step  grad_norm=0.326947  79.7GiB  rollout/backwards_per_step=4
[02:01:22] INFO    [r0] step 1758: loss=0.0251673  lr=1e-05  31.548s/step  grad_norm=0.559848  75.2GiB  rollout/backwards_per_step=4
[02:02:02] INFO    [r0] step 1759: loss=0.0103477  lr=1e-05  40.085s/step  grad_norm=0.153316  77.2GiB  rollout/backwards_per_step=4
[02:03:04] INFO    [r0] step 1760: loss=0.0109002  lr=1e-05  62.611s/step  grad_norm=0.195415  82.7GiB  rollout/backwards_per_step=4
[02:03:50] INFO    [r0] step 1761: loss=0.00897797  lr=1e-05  45.714s/step  grad_norm=0.232411  78.6GiB  rollout/backwards_per_step=4
[02:04:14] INFO    [r0] step 1762: loss=0.0788407  lr=1e-05  23.685s/step  grad_norm=1.06067  73.1GiB  rollout/backwards_per_step=4
[02:05:04] INFO    [r0] step 1763: loss=0.027214  lr=1e-05  49.906s/step  grad_norm=0.488918  79.4GiB  rollout/backwards_per_step=4
[02:05:29] INFO    [r0] step 1764: loss=0.0557806  lr=1e-05  24.999s/step  grad_norm=0.515694  73.2GiB  rollout/backwards_per_step=4
[02:06:14] INFO    [r0] step 1765: loss=0.0423294  lr=1e-05  44.937s/step  grad_norm=2.81345  78.9GiB  rollout/backwards_per_step=4
[02:07:16] INFO    [r0] step 1766: loss=0.0309235  lr=1e-05  62.457s/step  grad_norm=1.01325  82.5GiB  rollout/backwards_per_step=4
[02:07:54] INFO    [r0] step 1767: loss=0.0883098  lr=1e-05  37.880s/step  grad_norm=2.12606  77.0GiB  rollout/backwards_per_step=4
[02:08:49] INFO    [r0] step 1768: loss=0.0571156  lr=1e-05  55.310s/step  grad_norm=1.04251  81.4GiB  rollout/backwards_per_step=4
[02:09:27] INFO    [r0] step 1769: loss=0.0370237  lr=1e-05  37.786s/step  grad_norm=0.26961  76.9GiB  rollout/backwards_per_step=4
[02:09:54] INFO    [r0] step 1770: loss=0.0313291  lr=1e-05  26.845s/step  grad_norm=1.2888  73.6GiB  rollout/backwards_per_step=4
[02:10:50] INFO    [r0] step 1771: loss=0.0750705  lr=1e-05  55.720s/step  grad_norm=2.1986  81.4GiB  rollout/backwards_per_step=4
[02:11:31] INFO    [r0] step 1772: loss=0.0141333  lr=1e-05  40.916s/step  grad_norm=0.557231  77.8GiB  rollout/backwards_per_step=4
[02:11:54] INFO    [r0] step 1773: loss=0.0566919  lr=1e-05  23.356s/step  grad_norm=0.468777  72.7GiB  rollout/backwards_per_step=4
[02:12:59] INFO    [r0] step 1774: loss=0.0213391  lr=1e-05  64.945s/step  grad_norm=0.321311  82.9GiB  rollout/backwards_per_step=4
[02:13:54] INFO    [r0] step 1775: loss=0.0125322  lr=1e-05  55.436s/step  grad_norm=1.39789  81.3GiB  rollout/backwards_per_step=4
[02:14:32] INFO    [r0] step 1776: loss=0.0448052  lr=1e-05  37.892s/step  grad_norm=1.24509  76.8GiB  rollout/backwards_per_step=4
[02:15:27] INFO    [r0] step 1777: loss=0.0166117  lr=1e-05  55.185s/step  grad_norm=0.779067  81.0GiB  rollout/backwards_per_step=4
[02:15:54] INFO    [r0] step 1778: loss=0.0608156  lr=1e-05  26.766s/step  grad_norm=0.239114  73.6GiB  rollout/backwards_per_step=4
[02:16:21] INFO    [r0] step 1779: loss=0.0167099  lr=1e-05  26.619s/step  grad_norm=0.241843  73.4GiB  rollout/backwards_per_step=4
[02:17:10] INFO    [r0] step 1780: loss=0.0590447  lr=1e-05  49.009s/step  grad_norm=4.05293  79.8GiB  rollout/backwards_per_step=4
[02:17:54] INFO    [r0] step 1781: loss=0.00854001  lr=1e-05  43.719s/step  grad_norm=0.177566  78.0GiB  rollout/backwards_per_step=4
[02:18:47] INFO    [r0] step 1782: loss=0.0494941  lr=1e-05  53.192s/step  grad_norm=0.509582  80.7GiB  rollout/backwards_per_step=4
[02:19:24] INFO    [r0] step 1783: loss=0.0212896  lr=1e-05  37.694s/step  grad_norm=0.400814  76.6GiB  rollout/backwards_per_step=4
[02:20:18] INFO    [r0] step 1784: loss=0.0160019  lr=1e-05  53.458s/step  grad_norm=0.689402  81.0GiB  rollout/backwards_per_step=4
[02:20:45] INFO    [r0] step 1785: loss=0.0615965  lr=1e-05  27.559s/step  grad_norm=0.780988  74.2GiB  rollout/backwards_per_step=4
[02:21:44] INFO    [r0] step 1786: loss=0.0138183  lr=1e-05  58.808s/step  grad_norm=0.155497  81.7GiB  rollout/backwards_per_step=4
[02:22:40] INFO    [r0] step 1787: loss=0.0217135  lr=1e-05  55.646s/step  grad_norm=0.642967  81.6GiB  rollout/backwards_per_step=4
[02:23:07] INFO    [r0] step 1788: loss=0.0781309  lr=1e-05  26.849s/step  grad_norm=1.89498  73.6GiB  rollout/backwards_per_step=4
[02:24:04] INFO    [r0] step 1789: loss=0.0655627  lr=1e-05  57.390s/step  grad_norm=1.55988  81.7GiB  rollout/backwards_per_step=4
[02:24:51] INFO    [r0] step 1790: loss=0.00879619  lr=1e-05  46.831s/step  grad_norm=0.167493  79.4GiB  rollout/backwards_per_step=4
[02:25:23] INFO    [r0] step 1791: loss=0.0424964  lr=1e-05  32.143s/step  grad_norm=0.541224  75.3GiB  rollout/backwards_per_step=4
[02:26:19] INFO    [r0] step 1792: loss=0.0266224  lr=1e-05  55.596s/step  grad_norm=0.671298  81.4GiB  rollout/backwards_per_step=4
[02:26:47] INFO    [r0] step 1793: loss=0.034918  lr=1e-05  28.242s/step  grad_norm=0.522011  74.1GiB  rollout/backwards_per_step=4
[02:27:50] INFO    [r0] step 1794: loss=0.0651054  lr=1e-05  62.685s/step  grad_norm=1.25566  82.7GiB  rollout/backwards_per_step=4
[02:28:30] INFO    [r0] step 1795: loss=0.00923475  lr=1e-05  40.264s/step  grad_norm=0.316898  77.4GiB  rollout/backwards_per_step=4
[02:29:25] INFO    [r0] step 1796: loss=0.0171902  lr=1e-05  55.181s/step  grad_norm=0.210557  81.1GiB  rollout/backwards_per_step=4
[02:30:30] INFO    [r0] step 1797: loss=0.0234666  lr=1e-05  65.175s/step  grad_norm=0.308395  83.1GiB  rollout/backwards_per_step=4
[02:31:37] INFO    [r0] step 1798: loss=0.0202428  lr=1e-05  66.324s/step  grad_norm=0.663927  83.7GiB  rollout/backwards_per_step=4
[02:32:00] INFO    [r0] step 1799: loss=0.0233307  lr=1e-05  23.684s/step  grad_norm=0.473963  73.1GiB  rollout/backwards_per_step=4
[02:32:36] INFO    [r0] step 1800: loss=0.0713211  lr=1e-05  36.154s/step  grad_norm=1.37964  76.6GiB  rollout/backwards_per_step=4
[02:33:45] INFO    [r0] step 1801: loss=0.0210543  lr=1e-05  68.319s/step  grad_norm=0.561041  83.8GiB  rollout/backwards_per_step=4
[02:34:08] INFO    [r0] step 1802: loss=0.0446683  lr=1e-05  23.677s/step  grad_norm=0.552933  72.9GiB  rollout/backwards_per_step=4
[02:35:11] INFO    [r0] step 1803: loss=0.0622064  lr=1e-05  62.829s/step  grad_norm=1.1925  82.7GiB  rollout/backwards_per_step=4
[02:35:57] INFO    [r0] step 1804: loss=0.0086982  lr=1e-05  45.939s/step  grad_norm=0.205807  78.9GiB  rollout/backwards_per_step=4
[02:36:38] INFO    [r0] step 1805: loss=0.0168263  lr=1e-05  40.413s/step  grad_norm=0.338547  77.2GiB  rollout/backwards_per_step=4
[02:37:14] INFO    [r0] step 1806: loss=0.0212592  lr=1e-05  35.971s/step  grad_norm=0.52889  76.4GiB  rollout/backwards_per_step=4
[02:37:54] INFO    [r0] step 1807: loss=0.0210679  lr=1e-05  40.174s/step  grad_norm=0.347468  77.7GiB  rollout/backwards_per_step=4
[02:38:46] INFO    [r0] step 1808: loss=0.0345259  lr=1e-05  52.522s/step  grad_norm=0.466685  80.5GiB  rollout/backwards_per_step=4
[02:39:50] INFO    [r0] step 1809: loss=0.0156019  lr=1e-05  63.435s/step  grad_norm=0.202285  82.9GiB  rollout/backwards_per_step=4
[02:40:18] INFO    [r0] step 1810: loss=0.017586  lr=1e-05  27.838s/step  grad_norm=0.625688  74.1GiB  rollout/backwards_per_step=4
[02:41:13] INFO    [r0] step 1811: loss=0.0178405  lr=1e-05  55.065s/step  grad_norm=0.208002  80.7GiB  rollout/backwards_per_step=4
[02:42:10] INFO    [r0] step 1812: loss=0.0339659  lr=1e-05  57.912s/step  grad_norm=0.316673  81.4GiB  rollout/backwards_per_step=4
[02:42:38] INFO    [r0] step 1813: loss=0.0382555  lr=1e-05  27.018s/step  grad_norm=2.71424  73.5GiB  rollout/backwards_per_step=4
[02:43:02] INFO    [r0] step 1814: loss=0.0888995  lr=1e-05  24.788s/step  grad_norm=1.69718  73.1GiB  rollout/backwards_per_step=4
[02:43:51] INFO    [r0] step 1815: loss=0.0151193  lr=1e-05  49.110s/step  grad_norm=0.482159  79.9GiB  rollout/backwards_per_step=4
[02:44:22] INFO    [r0] step 1816: loss=0.0778876  lr=1e-05  30.879s/step  grad_norm=0.604952  75.0GiB  rollout/backwards_per_step=4
[02:45:25] INFO    [r0] step 1817: loss=0.221673  lr=1e-05  62.376s/step  grad_norm=2.16102  82.4GiB  rollout/backwards_per_step=4
[02:45:49] INFO    [r0] step 1818: loss=0.0439693  lr=1e-05  23.934s/step  grad_norm=1.12916  73.3GiB  rollout/backwards_per_step=4
[02:46:44] INFO    [r0] step 1819: loss=0.0367172  lr=1e-05  55.242s/step  grad_norm=0.801735  81.0GiB  rollout/backwards_per_step=4
[02:47:08] INFO    [r0] step 1820: loss=0.0394642  lr=1e-05  23.846s/step  grad_norm=3.01802  73.1GiB  rollout/backwards_per_step=4
[02:48:14] INFO    [r0] step 1821: loss=0.0547821  lr=1e-05  66.535s/step  grad_norm=0.930682  84.0GiB  rollout/backwards_per_step=4
[02:48:38] INFO    [r0] step 1822: loss=0.173554  lr=1e-05  23.365s/step  grad_norm=5.39719  72.7GiB  rollout/backwards_per_step=4
[02:49:22] INFO    [r0] step 1823: loss=0.0139386  lr=1e-05  44.261s/step  grad_norm=0.214334  78.9GiB  rollout/backwards_per_step=4
[02:50:17] INFO    [r0] step 1824: loss=0.0475229  lr=1e-05  55.532s/step  grad_norm=3.35854  81.5GiB  rollout/backwards_per_step=4
[02:50:58] INFO    [r0] step 1825: loss=0.0190241  lr=1e-05  40.182s/step  grad_norm=0.332843  77.2GiB  rollout/backwards_per_step=4
[02:51:55] INFO    [r0] step 1826: loss=0.0270302  lr=1e-05  57.671s/step  grad_norm=0.521728  81.0GiB  rollout/backwards_per_step=4
[02:52:29] INFO    [r0] step 1827: loss=0.0115435  lr=1e-05  33.610s/step  grad_norm=1.68085  75.5GiB  rollout/backwards_per_step=4
[02:52:58] INFO    [r0] step 1828: loss=0.0844945  lr=1e-05  29.022s/step  grad_norm=1.11051  74.7GiB  rollout/backwards_per_step=4
[02:53:21] INFO    [r0] step 1829: loss=0.0176925  lr=1e-05  23.350s/step  grad_norm=0.611789  72.8GiB  rollout/backwards_per_step=4
[02:53:48] INFO    [r0] step 1830: loss=0.0458171  lr=1e-05  26.826s/step  grad_norm=2.75898  73.5GiB  rollout/backwards_per_step=4
[02:54:43] INFO    [r0] step 1831: loss=0.0338169  lr=1e-05  54.456s/step  grad_norm=0.406906  80.7GiB  rollout/backwards_per_step=4
[02:55:39] INFO    [r0] step 1832: loss=0.0323917  lr=1e-05  56.085s/step  grad_norm=0.658261  81.1GiB  rollout/backwards_per_step=4
[02:56:29] INFO    [r0] step 1833: loss=0.0402971  lr=1e-05  50.462s/step  grad_norm=0.310141  79.5GiB  rollout/backwards_per_step=4
[02:57:36] INFO    [r0] step 1834: loss=0.0382547  lr=1e-05  67.313s/step  grad_norm=1.60404  83.5GiB  rollout/backwards_per_step=4
[02:58:32] INFO    [r0] step 1835: loss=0.0200974  lr=1e-05  56.102s/step  grad_norm=0.501103  81.2GiB  rollout/backwards_per_step=4
[02:59:44] INFO    [r0] step 1836: loss=0.0386993  lr=1e-05  71.078s/step  grad_norm=0.664829  84.2GiB  rollout/backwards_per_step=4
[03:00:49] INFO    [r0] step 1837: loss=0.0135329  lr=1e-05  64.993s/step  grad_norm=0.295931  83.1GiB  rollout/backwards_per_step=4
[03:01:16] INFO    [r0] step 1838: loss=0.0043803  lr=1e-05  27.005s/step  grad_norm=0.0569235  73.5GiB  rollout/backwards_per_step=4
[03:01:38] INFO    [r0] step 1839: loss=0.0716793  lr=1e-05  22.466s/step  grad_norm=0.48951  72.8GiB  rollout/backwards_per_step=4
[03:02:39] INFO    [r0] step 1840: loss=0.0121988  lr=1e-05  61.082s/step  grad_norm=0.332887  82.4GiB  rollout/backwards_per_step=4
[03:03:07] INFO    [r0] step 1841: loss=0.0107146  lr=1e-05  27.466s/step  grad_norm=0.211471  74.0GiB  rollout/backwards_per_step=4
[03:03:57] INFO    [r0] step 1842: loss=0.0864683  lr=1e-05  50.071s/step  grad_norm=1.28725  80.6GiB  rollout/backwards_per_step=4
[03:04:50] INFO    [r0] step 1843: loss=0.02704  lr=1e-05  53.105s/step  grad_norm=0.474511  80.6GiB  rollout/backwards_per_step=4
[03:05:16] INFO    [r0] step 1844: loss=0.138513  lr=1e-05  26.645s/step  grad_norm=18.5352  73.6GiB  rollout/backwards_per_step=4
[03:06:00] INFO    [r0] step 1845: loss=0.0184198  lr=1e-05  43.975s/step  grad_norm=0.217919  78.3GiB  rollout/backwards_per_step=4
[03:06:46] INFO    [r0] step 1846: loss=0.0124538  lr=1e-05  45.734s/step  grad_norm=0.411748  78.7GiB  rollout/backwards_per_step=4
[03:07:39] INFO    [r0] step 1847: loss=0.0517505  lr=1e-05  52.599s/step  grad_norm=0.70137  80.5GiB  rollout/backwards_per_step=4
[03:08:31] INFO    [r0] step 1848: loss=0.0806142  lr=1e-05  51.923s/step  grad_norm=0.99292  80.7GiB  rollout/backwards_per_step=4
[03:09:19] INFO    [r0] step 1849: loss=0.0744266  lr=1e-05  48.403s/step  grad_norm=1.25884  79.2GiB  rollout/backwards_per_step=4
[03:09:46] INFO    [r0] step 1850: loss=0.0301417  lr=1e-05  26.796s/step  grad_norm=0.725463  73.7GiB  rollout/backwards_per_step=4
[03:10:12] INFO    [r0] step 1851: loss=0.0343158  lr=1e-05  26.489s/step  grad_norm=1.38852  73.3GiB  rollout/backwards_per_step=4
[03:10:36] INFO    [r0] step 1852: loss=0.0469974  lr=1e-05  23.720s/step  grad_norm=0.373895  73.0GiB  rollout/backwards_per_step=4
[03:11:22] INFO    [r0] step 1853: loss=0.0118635  lr=1e-05  45.861s/step  grad_norm=0.162559  79.0GiB  rollout/backwards_per_step=4
[03:12:17] INFO    [r0] step 1854: loss=0.152687  lr=1e-05  55.305s/step  grad_norm=1.08268  81.0GiB  rollout/backwards_per_step=4
[03:12:41] INFO    [r0] step 1855: loss=0.0220336  lr=1e-05  23.976s/step  grad_norm=0.58049  73.4GiB  rollout/backwards_per_step=4
[03:13:31] INFO    [r0] step 1856: loss=0.0206449  lr=1e-05  49.950s/step  grad_norm=0.529247  79.5GiB  rollout/backwards_per_step=4
[03:13:57] INFO    [r0] step 1857: loss=0.0820921  lr=1e-05  25.433s/step  grad_norm=0.766328  73.4GiB  rollout/backwards_per_step=4
[03:14:52] INFO    [r0] step 1858: loss=0.0375401  lr=1e-05  55.377s/step  grad_norm=1.30367  81.1GiB  rollout/backwards_per_step=4
[03:15:45] INFO    [r0] step 1859: loss=0.0231718  lr=1e-05  52.615s/step  grad_norm=0.467393  80.6GiB  rollout/backwards_per_step=4
[03:16:48] INFO    [r0] step 1860: loss=0.0310575  lr=1e-05  63.236s/step  grad_norm=1.12494  82.9GiB  rollout/backwards_per_step=4
[03:17:20] INFO    [r0] step 1861: loss=0.0205993  lr=1e-05  31.903s/step  grad_norm=1.25366  74.9GiB  rollout/backwards_per_step=4
[03:18:12] INFO    [r0] step 1862: loss=0.0244711  lr=1e-05  52.225s/step  grad_norm=0.645134  80.1GiB  rollout/backwards_per_step=4
[03:18:39] INFO    [r0] step 1863: loss=0.0961734  lr=1e-05  26.848s/step  grad_norm=1.65188  73.9GiB  rollout/backwards_per_step=4
[03:19:35] INFO    [r0] step 1864: loss=0.109269  lr=1e-05  55.883s/step  grad_norm=1.50138  81.4GiB  rollout/backwards_per_step=4
[03:20:44] INFO    [r0] step 1865: loss=0.0395063  lr=1e-05  69.055s/step  grad_norm=0.343952  83.7GiB  rollout/backwards_per_step=4
[03:21:11] INFO    [r0] step 1866: loss=0.0202549  lr=1e-05  27.379s/step  grad_norm=0.842395  73.8GiB  rollout/backwards_per_step=4
[03:21:55] INFO    [r0] step 1867: loss=0.014908  lr=1e-05  44.222s/step  grad_norm=0.196843  78.7GiB  rollout/backwards_per_step=4
[03:22:44] INFO    [r0] step 1868: loss=0.066738  lr=1e-05  48.787s/step  grad_norm=1.67912  80.1GiB  rollout/backwards_per_step=4
[03:23:19] INFO    [r0] step 1869: loss=0.0147388  lr=1e-05  34.554s/step  grad_norm=0.744937  76.0GiB  rollout/backwards_per_step=4
[03:24:24] INFO    [r0] step 1870: loss=0.0281602  lr=1e-05  65.236s/step  grad_norm=0.576441  83.2GiB  rollout/backwards_per_step=4
[03:25:29] INFO    [r0] step 1871: loss=0.0149257  lr=1e-05  65.033s/step  grad_norm=0.395283  83.0GiB  rollout/backwards_per_step=4
[03:26:13] INFO    [r0] step 1872: loss=0.132455  lr=1e-05  44.294s/step  grad_norm=1.38292  78.5GiB  rollout/backwards_per_step=4
[03:26:37] INFO    [r0] step 1873: loss=0.0888555  lr=1e-05  23.319s/step  grad_norm=1.67494  72.7GiB  rollout/backwards_per_step=4
[03:27:03] INFO    [r0] step 1874: loss=0.117865  lr=1e-05  26.101s/step  grad_norm=2.58976  73.8GiB  rollout/backwards_per_step=4
[03:27:46] INFO    [r0] step 1875: loss=0.0719121  lr=1e-05  43.833s/step  grad_norm=5.42758  78.3GiB  rollout/backwards_per_step=4
[03:28:10] INFO    [r0] step 1876: loss=0.0632293  lr=1e-05  23.323s/step  grad_norm=1.4914  72.7GiB  rollout/backwards_per_step=4
[03:29:15] INFO    [r0] step 1877: loss=0.057142  lr=1e-05  65.175s/step  grad_norm=0.311097  83.3GiB  rollout/backwards_per_step=4
[03:29:39] INFO    [r0] step 1878: loss=0.0514541  lr=1e-05  23.693s/step  grad_norm=1.95614  73.0GiB  rollout/backwards_per_step=4
[03:30:23] INFO    [r0] step 1879: loss=0.00907259  lr=1e-05  44.276s/step  grad_norm=0.154017  78.7GiB  rollout/backwards_per_step=4
[03:30:41] INFO    [r0] step 1880: loss=0.0164929  lr=1e-05  18.108s/step  grad_norm=0.363306  71.6GiB  rollout/backwards_per_step=4
[03:31:46] INFO    [r0] step 1881: loss=0.0603935  lr=1e-05  65.235s/step  grad_norm=0.855166  83.2GiB  rollout/backwards_per_step=4
[03:32:22] INFO    [r0] step 1882: loss=0.0408416  lr=1e-05  35.801s/step  grad_norm=0.508032  76.1GiB  rollout/backwards_per_step=4
[03:32:49] INFO    [r0] step 1883: loss=0.0137141  lr=1e-05  26.735s/step  grad_norm=0.21693  73.5GiB  rollout/backwards_per_step=4
[03:33:30] INFO    [r0] step 1884: loss=0.136368  lr=1e-05  40.977s/step  grad_norm=1.89948  78.2GiB  rollout/backwards_per_step=4
[03:34:37] INFO    [r0] step 1885: loss=0.0182803  lr=1e-05  67.490s/step  grad_norm=1.75153  83.2GiB  rollout/backwards_per_step=4
[03:35:16] INFO    [r0] step 1886: loss=0.0289597  lr=1e-05  38.622s/step  grad_norm=0.70192  77.4GiB  rollout/backwards_per_step=4
[03:35:40] INFO    [r0] step 1887: loss=0.0711733  lr=1e-05  23.879s/step  grad_norm=2.0007  73.3GiB  rollout/backwards_per_step=4
[03:36:20] INFO    [r0] step 1888: loss=0.0302747  lr=1e-05  40.650s/step  grad_norm=1.87865  78.3GiB  rollout/backwards_per_step=4
[03:36:41] INFO    [r0] step 1889: loss=0.0525558  lr=1e-05  20.795s/step  grad_norm=1.29087  72.4GiB  rollout/backwards_per_step=4
[03:37:09] INFO    [r0] step 1890: loss=0.0168543  lr=1e-05  27.542s/step  grad_norm=0.309029  73.9GiB  rollout/backwards_per_step=4
[03:37:34] INFO    [r0] step 1891: loss=0.0619249  lr=1e-05  24.812s/step  grad_norm=1.38018  73.2GiB  rollout/backwards_per_step=4
[03:38:00] INFO    [r0] step 1892: loss=0.0718313  lr=1e-05  26.555s/step  grad_norm=8.09696  73.7GiB  rollout/backwards_per_step=4
[03:38:29] INFO    [r0] step 1893: loss=0.0280892  lr=1e-05  28.753s/step  grad_norm=0.90053  75.0GiB  rollout/backwards_per_step=4
[03:39:10] INFO    [r0] step 1894: loss=0.051323  lr=1e-05  40.959s/step  grad_norm=0.754309  77.6GiB  rollout/backwards_per_step=4
[03:39:50] INFO    [r0] step 1895: loss=0.0146221  lr=1e-05  40.258s/step  grad_norm=0.833375  77.4GiB  rollout/backwards_per_step=4
[03:40:16] INFO    [r0] step 1896: loss=0.0453387  lr=1e-05  26.108s/step  grad_norm=1.53011  73.8GiB  rollout/backwards_per_step=4
[03:41:01] INFO    [r0] step 1897: loss=0.022517  lr=1e-05  44.884s/step  grad_norm=0.263525  79.0GiB  rollout/backwards_per_step=4
[03:41:30] INFO    [r0] step 1898: loss=0.0764783  lr=1e-05  28.957s/step  grad_norm=0.729526  74.8GiB  rollout/backwards_per_step=4
[03:42:10] INFO    [r0] step 1899: loss=0.0175061  lr=1e-05  40.088s/step  grad_norm=0.455697  77.2GiB  rollout/backwards_per_step=4
[03:42:46] INFO    [r0] step 1900: loss=0.163662  lr=1e-05  36.244s/step  grad_norm=3.63546  76.7GiB  rollout/backwards_per_step=4
[03:43:08] INFO    [r0] step 1901: loss=0.0363455  lr=1e-05  22.090s/step  grad_norm=0.439985  72.6GiB  rollout/backwards_per_step=4
[03:43:34] INFO    [r0] step 1902: loss=0.20103  lr=1e-05  25.414s/step  grad_norm=1.12772  73.4GiB  rollout/backwards_per_step=4
[03:43:55] INFO    [r0] step 1903: loss=0.017258  lr=1e-05  21.057s/step  grad_norm=0.424803  72.3GiB  rollout/backwards_per_step=4
[03:44:50] INFO    [r0] step 1904: loss=0.0185077  lr=1e-05  55.349s/step  grad_norm=1.00999  81.3GiB  rollout/backwards_per_step=4
[03:45:17] INFO    [r0] step 1905: loss=0.029005  lr=1e-05  26.799s/step  grad_norm=0.752576  73.8GiB  rollout/backwards_per_step=4
[03:45:48] INFO    [r0] step 1906: loss=0.0120069  lr=1e-05  30.751s/step  grad_norm=0.394334  74.7GiB  rollout/backwards_per_step=4
[03:46:34] INFO    [r0] step 1907: loss=0.0386394  lr=1e-05  46.627s/step  grad_norm=1.47391  79.6GiB  rollout/backwards_per_step=4
[03:47:19] INFO    [r0] step 1908: loss=0.0984155  lr=1e-05  44.943s/step  grad_norm=10.1286  79.1GiB  rollout/backwards_per_step=4
[03:47:44] INFO    [r0] step 1909: loss=0.0536081  lr=1e-05  24.212s/step  grad_norm=0.730528  73.7GiB  rollout/backwards_per_step=4
[03:48:13] INFO    [r0] step 1910: loss=0.0169935  lr=1e-05  29.024s/step  grad_norm=0.261877  74.7GiB  rollout/backwards_per_step=4
[03:48:35] INFO    [r0] step 1911: loss=0.122611  lr=1e-05  22.205s/step  grad_norm=3.90703  72.7GiB  rollout/backwards_per_step=4
[03:48:51] INFO    [r0] step 1912: loss=0.0191858  lr=1e-05  16.439s/step  grad_norm=0.613004  71.0GiB  rollout/backwards_per_step=4
[03:49:57] INFO    [r0] step 1913: loss=0.0136145  lr=1e-05  65.372s/step  grad_norm=0.186775  83.4GiB  rollout/backwards_per_step=4
[03:50:43] INFO    [r0] step 1914: loss=0.0188225  lr=1e-05  45.946s/step  grad_norm=0.275175  79.0GiB  rollout/backwards_per_step=4
[03:51:20] INFO    [r0] step 1915: loss=0.05797  lr=1e-05  37.626s/step  grad_norm=4.19296  76.6GiB  rollout/backwards_per_step=4
[03:51:47] INFO    [r0] step 1916: loss=0.0597387  lr=1e-05  26.500s/step  grad_norm=1.03358  73.6GiB  rollout/backwards_per_step=4
[03:52:33] INFO    [r0] step 1917: loss=0.128809  lr=1e-05  45.968s/step  grad_norm=1.17732  78.8GiB  rollout/backwards_per_step=4
[03:53:09] INFO    [r0] step 1918: loss=0.0490279  lr=1e-05  36.016s/step  grad_norm=1.92922  76.4GiB  rollout/backwards_per_step=4
[03:53:33] INFO    [r0] step 1919: loss=0.110718  lr=1e-05  23.809s/step  grad_norm=2.5906  72.9GiB  rollout/backwards_per_step=4
[03:54:13] INFO    [r0] step 1920: loss=0.0811333  lr=1e-05  40.794s/step  grad_norm=1.01806  77.8GiB  rollout/backwards_per_step=4
[03:54:48] INFO    [r0] step 1921: loss=0.0193758  lr=1e-05  35.107s/step  grad_norm=0.205303  76.3GiB  rollout/backwards_per_step=4
[03:55:15] INFO    [r0] step 1922: loss=0.0191327  lr=1e-05  26.823s/step  grad_norm=0.397095  73.7GiB  rollout/backwards_per_step=4
[03:55:44] INFO    [r0] step 1923: loss=0.0106024  lr=1e-05  28.730s/step  grad_norm=0.110124  74.4GiB  rollout/backwards_per_step=4
[03:56:10] INFO    [r0] step 1924: loss=0.0604601  lr=1e-05  26.453s/step  grad_norm=1.08367  73.5GiB  rollout/backwards_per_step=4
[03:56:34] INFO    [r0] step 1925: loss=0.0180678  lr=1e-05  23.652s/step  grad_norm=0.347862  72.9GiB  rollout/backwards_per_step=4
[03:57:10] INFO    [r0] step 1926: loss=0.0149577  lr=1e-05  36.386s/step  grad_norm=0.768743  77.0GiB  rollout/backwards_per_step=4
[03:57:39] INFO    [r0] step 1927: loss=0.0218249  lr=1e-05  28.164s/step  grad_norm=0.422631  74.0GiB  rollout/backwards_per_step=4
[03:58:11] INFO    [r0] step 1928: loss=0.0781675  lr=1e-05  32.151s/step  grad_norm=0.828675  75.1GiB  rollout/backwards_per_step=4
[03:58:30] INFO    [r0] step 1929: loss=0.0197264  lr=1e-05  19.003s/step  grad_norm=0.436233  71.6GiB  rollout/backwards_per_step=4
[03:59:03] INFO    [r0] step 1930: loss=0.0364543  lr=1e-05  33.464s/step  grad_norm=1.01715  75.3GiB  rollout/backwards_per_step=4
[03:59:25] INFO    [r0] step 1931: loss=0.143343  lr=1e-05  22.040s/step  grad_norm=1.80441  72.3GiB  rollout/backwards_per_step=4
[03:59:49] INFO    [r0] step 1932: loss=0.0975479  lr=1e-05  23.237s/step  grad_norm=2.23315  72.8GiB  rollout/backwards_per_step=4
[04:00:41] INFO    [r0] step 1933: loss=0.0397142  lr=1e-05  52.787s/step  grad_norm=2.64574  80.5GiB  rollout/backwards_per_step=4
[04:01:03] INFO    [r0] step 1934: loss=0.0446889  lr=1e-05  22.123s/step  grad_norm=0.997135  72.5GiB  rollout/backwards_per_step=4
[04:02:05] INFO    [r0] step 1935: loss=0.0327739  lr=1e-05  61.777s/step  grad_norm=1.91435  82.1GiB  rollout/backwards_per_step=4
[04:02:27] INFO    [r0] step 1936: loss=0.0307644  lr=1e-05  22.190s/step  grad_norm=0.595863  72.5GiB  rollout/backwards_per_step=4
[04:02:50] INFO    [r0] step 1937: loss=0.0590999  lr=1e-05  22.530s/step  grad_norm=0.910046  72.8GiB  rollout/backwards_per_step=4
[04:03:26] INFO    [r0] step 1938: loss=0.0361186  lr=1e-05  36.144s/step  grad_norm=0.927368  76.6GiB  rollout/backwards_per_step=4
[04:04:29] INFO    [r0] step 1939: loss=0.0381624  lr=1e-05  62.503s/step  grad_norm=0.359127  82.5GiB  rollout/backwards_per_step=4
[04:05:15] INFO    [r0] step 1940: loss=0.0156695  lr=1e-05  45.894s/step  grad_norm=0.296904  78.9GiB  rollout/backwards_per_step=4
[04:06:00] INFO    [r0] step 1941: loss=0.0343426  lr=1e-05  45.809s/step  grad_norm=0.440447  78.9GiB  rollout/backwards_per_step=4
[04:06:43] INFO    [r0] step 1942: loss=0.0338057  lr=1e-05  42.555s/step  grad_norm=0.511893  78.0GiB  rollout/backwards_per_step=4
[04:07:06] INFO    [r0] step 1943: loss=0.103805  lr=1e-05  22.720s/step  grad_norm=4.28995  72.8GiB  rollout/backwards_per_step=4
[04:07:33] INFO    [r0] step 1944: loss=0.0314052  lr=1e-05  27.393s/step  grad_norm=0.765433  73.9GiB  rollout/backwards_per_step=4
[04:08:04] INFO    [r0] step 1945: loss=0.0679236  lr=1e-05  30.658s/step  grad_norm=0.693004  75.2GiB  rollout/backwards_per_step=4
[04:09:06] INFO    [r0] step 1946: loss=0.0289441  lr=1e-05  62.411s/step  grad_norm=0.579064  82.3GiB  rollout/backwards_per_step=4
[04:09:42] INFO    [r0] step 1947: loss=0.0154652  lr=1e-05  36.048s/step  grad_norm=0.358388  76.6GiB  rollout/backwards_per_step=4
[04:10:11] INFO    [r0] step 1948: loss=0.00984921  lr=1e-05  28.837s/step  grad_norm=0.238899  74.5GiB  rollout/backwards_per_step=4
[04:10:57] INFO    [r0] step 1949: loss=0.0350809  lr=1e-05  45.832s/step  grad_norm=0.452803  78.9GiB  rollout/backwards_per_step=4
[04:11:22] INFO    [r0] step 1950: loss=0.020722  lr=1e-05  25.332s/step  grad_norm=1.39576  73.1GiB  rollout/backwards_per_step=4
[04:12:16] INFO    [r0] step 1951: loss=0.0109778  lr=1e-05  54.284s/step  grad_norm=0.230965  80.7GiB  rollout/backwards_per_step=4
[04:12:45] INFO    [r0] step 1952: loss=0.112716  lr=1e-05  28.245s/step  grad_norm=1.67278  74.1GiB  rollout/backwards_per_step=4
[04:13:40] INFO    [r0] step 1953: loss=0.0368229  lr=1e-05  54.992s/step  grad_norm=2.22196  80.8GiB  rollout/backwards_per_step=4
[04:14:35] INFO    [r0] step 1954: loss=0.0487497  lr=1e-05  55.050s/step  grad_norm=2.30204  80.7GiB  rollout/backwards_per_step=4
[04:15:21] INFO    [r0] step 1955: loss=0.00973375  lr=1e-05  46.717s/step  grad_norm=0.133945  79.4GiB  rollout/backwards_per_step=4
[04:15:56] INFO    [r0] step 1956: loss=0.0190117  lr=1e-05  34.130s/step  grad_norm=0.547103  75.8GiB  rollout/backwards_per_step=4
[04:16:18] INFO    [r0] step 1957: loss=0.0736641  lr=1e-05  22.404s/step  grad_norm=2.49296  72.8GiB  rollout/backwards_per_step=4
[04:17:21] INFO    [r0] step 1958: loss=0.0579612  lr=1e-05  62.722s/step  grad_norm=1.56809  82.7GiB  rollout/backwards_per_step=4
[04:18:07] INFO    [r0] step 1959: loss=0.0641492  lr=1e-05  46.382s/step  grad_norm=1.33451  79.1GiB  rollout/backwards_per_step=4
[04:18:27] INFO    [r0] step 1960: loss=0.0367695  lr=1e-05  19.468s/step  grad_norm=1.55044  72.0GiB  rollout/backwards_per_step=4
[04:19:00] INFO    [r0] step 1961: loss=0.0971006  lr=1e-05  33.204s/step  grad_norm=0.866365  75.8GiB  rollout/backwards_per_step=4
[04:19:22] INFO    [r0] step 1962: loss=0.0503942  lr=1e-05  22.128s/step  grad_norm=0.377595  72.5GiB  rollout/backwards_per_step=4
[04:20:00] INFO    [r0] step 1963: loss=0.0223677  lr=1e-05  37.759s/step  grad_norm=0.564435  76.8GiB  rollout/backwards_per_step=4
[04:20:27] INFO    [r0] step 1964: loss=0.0338342  lr=1e-05  27.419s/step  grad_norm=2.03087  74.3GiB  rollout/backwards_per_step=4
[04:21:17] INFO    [r0] step 1965: loss=0.0559831  lr=1e-05  50.308s/step  grad_norm=2.30173  80.0GiB  rollout/backwards_per_step=4
[04:22:15] INFO    [r0] step 1966: loss=0.042144  lr=1e-05  57.319s/step  grad_norm=0.858163  81.5GiB  rollout/backwards_per_step=4
[04:23:08] INFO    [r0] step 1967: loss=0.084437  lr=1e-05  53.277s/step  grad_norm=0.811232  80.8GiB  rollout/backwards_per_step=4
[04:23:35] INFO    [r0] step 1968: loss=0.0583213  lr=1e-05  26.990s/step  grad_norm=5.43614  73.7GiB  rollout/backwards_per_step=4
[04:24:00] INFO    [r0] step 1969: loss=0.0338602  lr=1e-05  25.260s/step  grad_norm=1.36294  73.2GiB  rollout/backwards_per_step=4
[04:25:03] INFO    [r0] step 1970: loss=0.0263243  lr=1e-05  62.618s/step  grad_norm=2.3407  82.5GiB  rollout/backwards_per_step=4
[04:25:41] INFO    [r0] step 1971: loss=0.0174076  lr=1e-05  37.915s/step  grad_norm=0.711721  76.8GiB  rollout/backwards_per_step=4
[04:26:08] INFO    [r0] step 1972: loss=0.0795952  lr=1e-05  26.893s/step  grad_norm=1.22449  73.6GiB  rollout/backwards_per_step=4
[04:26:32] INFO    [r0] step 1973: loss=0.0351033  lr=1e-05  24.335s/step  grad_norm=1.25501  72.9GiB  rollout/backwards_per_step=4
[04:27:17] INFO    [r0] step 1974: loss=0.0183399  lr=1e-05  45.034s/step  grad_norm=1.31971  79.2GiB  rollout/backwards_per_step=4
[04:27:45] INFO    [r0] step 1975: loss=0.0379598  lr=1e-05  27.978s/step  grad_norm=1.23243  74.0GiB  rollout/backwards_per_step=4
[04:28:12] INFO    [r0] step 1976: loss=0.0144929  lr=1e-05  26.950s/step  grad_norm=0.243225  74.1GiB  rollout/backwards_per_step=4
[04:29:06] INFO    [r0] step 1977: loss=0.0601541  lr=1e-05  54.038s/step  grad_norm=3.08347  81.4GiB  rollout/backwards_per_step=4
[04:30:02] INFO    [r0] step 1978: loss=0.15776  lr=1e-05  55.653s/step  grad_norm=2.9725  81.7GiB  rollout/backwards_per_step=4
[04:30:54] INFO    [r0] step 1979: loss=0.0289202  lr=1e-05  52.401s/step  grad_norm=0.61187  80.2GiB  rollout/backwards_per_step=4
[04:31:40] INFO    [r0] step 1980: loss=0.0368656  lr=1e-05  46.487s/step  grad_norm=0.394838  79.3GiB  rollout/backwards_per_step=4
[04:32:38] INFO    [r0] step 1981: loss=0.0169105  lr=1e-05  57.313s/step  grad_norm=0.22331  80.9GiB  rollout/backwards_per_step=4
[04:33:03] INFO    [r0] step 1982: loss=0.050718  lr=1e-05  25.378s/step  grad_norm=0.893306  73.2GiB  rollout/backwards_per_step=4
[04:33:27] INFO    [r0] step 1983: loss=0.0404101  lr=1e-05  23.368s/step  grad_norm=0.739506  72.6GiB  rollout/backwards_per_step=4
[04:33:49] INFO    [r0] step 1984: loss=0.0552155  lr=1e-05  22.047s/step  grad_norm=0.501086  72.3GiB  rollout/backwards_per_step=4
[04:34:55] INFO    [r0] step 1985: loss=0.0475006  lr=1e-05  66.235s/step  grad_norm=0.968545  83.6GiB  rollout/backwards_per_step=4
[04:35:40] INFO    [r0] step 1986: loss=0.0339338  lr=1e-05  45.300s/step  grad_norm=0.591664  78.9GiB  rollout/backwards_per_step=4
[04:36:06] INFO    [r0] step 1987: loss=0.0530348  lr=1e-05  25.447s/step  grad_norm=0.601932  73.4GiB  rollout/backwards_per_step=4
[04:36:52] INFO    [r0] step 1988: loss=0.0346983  lr=1e-05  45.991s/step  grad_norm=0.593526  78.5GiB  rollout/backwards_per_step=4
[04:37:34] INFO    [r0] step 1989: loss=0.0138315  lr=1e-05  42.550s/step  grad_norm=0.175731  77.9GiB  rollout/backwards_per_step=4
[04:38:04] INFO    [r0] step 1990: loss=0.0152692  lr=1e-05  30.390s/step  grad_norm=0.403835  75.1GiB  rollout/backwards_per_step=4
[04:39:07] INFO    [r0] step 1991: loss=0.0392967  lr=1e-05  62.458s/step  grad_norm=0.467399  82.4GiB  rollout/backwards_per_step=4
[04:39:30] INFO    [r0] step 1992: loss=0.0100207  lr=1e-05  23.311s/step  grad_norm=0.150312  72.8GiB  rollout/backwards_per_step=4
[04:40:15] INFO    [r0] step 1993: loss=0.047225  lr=1e-05  44.246s/step  grad_norm=0.493345  78.6GiB  rollout/backwards_per_step=4
[04:40:38] INFO    [r0] step 1994: loss=0.0798872  lr=1e-05  23.661s/step  grad_norm=2.27053  73.0GiB  rollout/backwards_per_step=4
[04:41:43] INFO    [r0] step 1995: loss=0.027392  lr=1e-05  65.230s/step  grad_norm=0.305915  83.1GiB  rollout/backwards_per_step=4
[04:42:07] INFO    [r0] step 1996: loss=0.011328  lr=1e-05  23.859s/step  grad_norm=0.354633  73.2GiB  rollout/backwards_per_step=4
[04:42:56] INFO    [r0] step 1997: loss=0.0134752  lr=1e-05  48.925s/step  grad_norm=0.443491  79.6GiB  rollout/backwards_per_step=4
[04:43:52] INFO    [r0] step 1998: loss=0.0262597  lr=1e-05  55.624s/step  grad_norm=0.264292  81.6GiB  rollout/backwards_per_step=4
[04:44:11] INFO    [r0] step 1999: loss=0.041268  lr=1e-05  19.510s/step  grad_norm=1.76636  71.9GiB  rollout/backwards_per_step=4
[04:44:57] INFO    [r0] step 2000: loss=0.0506121  lr=1e-05  45.726s/step  grad_norm=1.92834  78.8GiB  rollout/backwards_per_step=4
[04:45:22] INFO    [r0] saved /mnt/shared/lihaoran/ssd/framework/anorak-dflow/ckps/krea2-tryon-DOPSD/step_0002000
[04:49:43] INFO    [r0] preview: 10 case(s) (student | phase-1) step 2000 -> /mnt/shared/lihaoran/ssd/framework/anorak-dflow/demo/2026-09-13/044522-002000
[04:49:43] INFO    [r0] finished at step 2000
